symbol,t_stat
APOA1,17.157717384840414
TMEM245,13.549203026497812
SEPT7,12.763354752737731
MAPRE2,12.430528716598296
TBCD,12.104558753627696
POLR2C,10.954724704044589
NDUFA9,10.731043091175444
NAA15,10.506417842799879
CLPB,10.501487193786978
HEMGN,10.319595693736074
YWHAZ,10.264986575142487
GRHPR,10.19275287107965
A2M,10.105521656826024
HSP90AA1,10.06759611253459
PON3,9.798015363541065
PYGL,9.795340359357395
RRM1,9.792638329922848
UROC1,9.768633030827337
SQRDL,9.7404580323905
GDI2;GDI1,9.711241419916739
SPTAN1,9.631447224620514
AKR1D1,9.609694992952624
ARPC3,9.587308477229918
PSMD2,9.56871692793754
PHB2,9.501965168598062
TARS,9.39256137719106
RRAGC,9.354668684735753
SORL1,9.275005895711844
PSMA4,9.051742251325479
PITRM1,8.985544170394006
FAF2,8.960069712279118
DDX1,8.873859432693168
ELAVL1,8.82184490343151
MYH9,8.81662804313452
RRBP1,8.803283728816783
LMF2,8.63202189478148
CCT7,8.621928121683693
NNT,8.598675420432878
MIA2,8.480560265656473
HSP90AB1,8.472089912016598
TF,8.430498389668431
ATP5J2,8.396431324011933
PPOX,8.325931307167656
SKP1,8.325572529337046
UCHL3,8.31071418939504
PABPC4,8.29234331831603
THEM6,8.234239638306619
POLR2A,8.231257921722602
ILF3,8.19484850760692
PBLD,8.167542491228744
SMARCA5;SMARCA1,8.163727883089152
CBX3,8.093535556179628
HAT1,8.062251283315058
ACSS1,8.006584233071404
CHKB,7.889466824457179
RPS26;RPS26P11,7.887201652747681
RHOA;RHOC,7.837968826825045
NCBP1,7.834623014573369
GSTA1;GSTA3;GSTA5;GSTA2,7.828587662471238
SLC25A11,7.823678785918613
HSP90B1,7.807733604146992
MCU,7.795808711937625
PPP3CA,7.776702384831928
HUWE1,7.7650994498278445
PREP,7.764697022157204
ZYX,7.744880952584407
GOLM1,7.711431882029065
EHD3,7.699507065113055
ACO2,7.698855040606588
PSMC3,7.6671102040948
ATP2B1;ATP2B4,7.664584947787742
NDUFA6,7.660676225179569
RPL8,7.623703748939313
NRD1,7.613905835060886
SRPR,7.587491023015629
WDR4,7.5843493461064355
STT3A,7.533339689915758
EIF3A,7.529535451133275
ANK1,7.524628668678057
TTC37,7.450201452838679
CISD1,7.435489974070586
ATP1A1;ATP1A3,7.4164344984114035
TPT1,7.400582545541489
MRPL47,7.358110693848294
AKAP8L,7.326532114443903
UGT2A3,7.3182557184891435
PPAN-P2RY11;PPAN,7.307739981574539
PSMD10,7.278072823163248
ALG2,7.2765065367323025
CCT8,7.274111983759186
THG1L,7.235350571623899
COPS4,7.233935628212578
MYO6,7.20354441973718
NOP58,7.194869098583262
LRPPRC,7.192327767429524
XRCC6,7.180206726545335
NT5C2,7.134654350217264
VIM,7.130754765429347
SARDH,7.113363510376086
PCYOX1,7.086354677831548
RPS29,7.074865011851703
MAN2A1,7.064757759193792
NDRG1,7.063544490046203
HYOU1,7.062107334487007
FBXO3,7.027497190311707
ALDH3A2,7.023845167714999
CAPZB,7.021472019130227
ACOT7,7.010731216128971
ITGB2,6.970354951703252
DLAT,6.952858039366316
MOGS,6.904109465332532
MRPS31,6.903321833795895
RGN,6.899470103660038
CPT1A,6.873747423127848
CASC3,6.860032081681649
PTGFRN,6.856945716596479
AGO2,6.84117029004886
GLUD1,6.798635358084927
GBF1,6.784866114254394
HPX,6.782794800147107
CIAO1,6.763221677537578
VAPB,6.763168642436696
RPL35A,6.753317627261139
YWHAB;YWHAG,6.7500029346229935
GARS,6.742745412583829
ACTN4,6.733988969596888
SPAG9,6.686512271316933
ETNK1,6.678584661345343
GGT5,6.664267702182951
AKAP12,6.635760414934981
RPS6,6.609414316465475
SNX2,6.588170033727889
CCDC90B,6.581085574096324
MRPS5,6.567978198300651
PDIA3,6.565465766245279
PRMT7,6.560475984412069
ADPGK,6.542633632876989
ICT1,6.541754715923302
EEF2,6.505777073338073
MAP4,6.502922613993326
SLC2A2,6.497865157734614
HNMT,6.489703657197627
USP39,6.477417979083787
PSMD12,6.4421008156627435
PCCB,6.432577953155468
NPEPPS,6.431074015383695
RPLP0;RPLP0P6,6.416979866624913
MMS19,6.414969682429651
VDAC1,6.375606058574287
MTX2,6.369736262558792
ACY1;ABHD14A-ACY1,6.35418519646004
PPM1G,6.344214561426451
PAFAH1B1,6.341789253084806
SLC25A25,6.324654382981673
TRIM33,6.323857813643031
NDUFA12,6.310681303281885
MAT2A,6.283608484341448
HMGCS1,6.2803451669889565
CFL1,6.280254442576544
MCM7,6.278865274157497
G6PD,6.262760978632388
GALT,6.254399799071164
C14ORF159,6.247942711403964
NASP,6.232160034867404
CSE1L,6.220861176122091
EML4,6.202234515290967
HBZ,6.193184701316996
GPD1,6.169549614246516
FKBP4,6.163219391826468
TOR1AIP2,6.148784669536888
MRPS35,6.146687548176014
TRAP1,6.1430177993801065
TMEM97,6.138165745525598
GLRX5,6.1346300308017865
EMG1,6.132160449859471
OSBP,6.1172104093246675
YBX3;YBX1,6.114687952367139
CA2,6.089525931549403
MLST8,6.080748991374231
TXNL1,6.080143279151793
MYDGF,6.075534023181354
ILF3;STRBP,6.0606135811829995
LMAN1,6.053159518057634
VPS29,6.037511813431613
TSR1,6.0369077970544085
HNRNPA0,5.995810380917994
TOE1,5.993464912570706
COPS3,5.975633872961892
ACO1,5.968527461245178
EPB41L3,5.962519035597761
TNKS1BP1,5.951021923392217
AKR1B1,5.9372738914969325
SDCBP,5.925369885152903
C4A;C4B,5.913179032290403
GRWD1,5.8790818330079055
RPL13A,5.858567182400605
SPCS3,5.834453724372785
STBD1,5.8061629018554175
RPS6KA3,5.792384548364453
NHLRC2,5.791858409050748
RENBP,5.7618741824657045
RMDN3,5.757484892227094
NARFL,5.744913859720021
CDK4,5.739234999160566
UGDH,5.7352169545379725
RPL5,5.734787149994838
DPP9,5.733305238266636
RPL7A,5.732187462993718
NAMPT,5.724248440545062
RPS21,5.722041649689386
UBTF,5.718183797896874
ADI1,5.7171433863306085
HECTD1,5.716650479599558
CP,5.71664742790201
HIST1H2AJ;HIST1H2AH;H2AFJ;HIST1H2AD;HIST1H2AG;HIST1H2AC;HIST3H2A;HIST1H2AB;H2AFX;HIST1H2AA;HIST2H2AC;HIST2H2AA3,5.715832002111045
SLC9A3R1,5.705743037334309
FLNA,5.690510572724335
ARPC1A,5.677180768757729
LIPC,5.6755852141403125
PGGT1B,5.671538444304848
PAQR9,5.665297706655693
FXR1,5.650788768086516
PCMT1,5.644788832972076
ATP2B1;ATP2B2,5.6377012881475
CDS2,5.634830957544991
DYSF,5.632393859891408
COPS5,5.61958296645328
ATP6V0A1,5.611017730279145
DLST,5.574371223529784
NME1-NME2;NME2;NME1,5.569443065136466
ALDOA,5.569235053119246
DDX54,5.555780114252662
PRODH2,5.548717398924042
ABCE1,5.537893000456653
EIF2B4,5.499576112092566
PRPS2,5.498255235803053
FAM120A;C9ORF129,5.493252708094819
CALU,5.482801527029734
ITGB3,5.4559150224648345
SFT2D3,5.445206259766228
ARPC1B,5.44489689992726
NUP37,5.439980759181889
KPNA2,5.418691423290194
RAB2B,5.416968229109799
NIPSNAP1,5.415758139673328
HACD3,5.395735907707759
HAL,5.3886203685558645
SMG8,5.387140108023323
SRBD1,5.371242094243454
CYP4A11,5.341791184562415
PSMD11,5.335078653990425
RDX;MSN,5.327010086220641
TOMM70A,5.326940200292069
AP1M1,5.326840222851414
ZW10,5.3167055082599255
ARPC2,5.31575812503095
GATM,5.315497961204447
NOP2,5.297712675372577
ANKRD28,5.294113366217163
SEPSECS,5.289131754410041
CALR,5.286776680693942
HSPA6;HSPA7,5.265394251330819
CASC4,5.258822526543296
A2M;PZP,5.253300865661412
DNAJA1,5.25147311797934
IDH3B,5.245331191405925
SNRPD2,5.241775386634257
GSTK1,5.236536989981987
ATP2B2,5.229438423879532
HNRNPC;HNRNPCL1;HNRNPCL2;HNRNPCL4;HNRNPCL3,5.22322071603473
ACOX3,5.21924533263222
UBR4,5.219017663599235
COX4I1,5.202782133028571
ATP6V1B2,5.191710251760536
TRMT61A,5.191620451903493
RAP2C;RAP2A,5.1913617813115724
GOLIM4,5.190901973293353
PSMC4,5.185624018979424
C2ORF43;LDAH;FLJ21820,5.183466325103414
MRPS34,5.173486983483979
AP2S1,5.1717702190489465
EIF3M,5.160605109534838
PRPF39,5.154332993198477
C9ORF64,5.139062420643363
AAMP,5.130683736788983
NMT2,5.130235133969288
PTGR1,5.123629328671087
APOOL,5.114182709198972
G3BP1,5.11382359639449
PABPC1;PABPC3,5.112488632770346
FDPS,5.099764784246178
MYO1D,5.098267714662533
DYNLL2,5.097269398552574
IVNS1ABP,5.087966427723914
HCCS,5.086498670828131
CPT2,5.0835843386264
TUBA1B;TUBA1C;TUBA1A;TUBA4A;TUBAL3,5.074121122927088
RPSA,5.059699982974901
CSNK2B,5.0582273524640335
TRMT6,5.053735730376898
CPB2,5.053042853313199
ME1,5.040758756689064
RPS27A;UBC;UBB;UBA52,5.038875093899749
DDX6,5.035294945767223
PSMC1,5.021144429514887
IDH3A,5.018015347130896
STRN,5.0150469640585795
CAMK1,5.008959667640556
UGT2B4,5.003269582983358
GSTA1;GSTA3;GSTA2,5.001976109283677
RDH14,4.987201057158568
SFXN5,4.983689092924263
ASGR1,4.980003278422894
ATAD3A;ATAD3B,4.979597807065069
MRPL40,4.959507538119442
FLVCR2,4.950703121529186
A1CF;RBM47;RBM46,4.944144802948527
TPM3,4.942865093405295
SEC31A,4.942352497195523
PSMD13,4.940384194955337
DNAJA4,4.934633557564073
VTN,4.932442768293476
CYP20A1,4.92774522778421
FAM175B,4.903750808549175
ACTA2;ACTG2;ACTC1;ACTA1,4.902714250844399
JAGN1,4.898145103203849
RRP8,4.897421930657663
SAR1B;SAR1A,4.892266534926617
MRPL57,4.891055403545535
MRPS30,4.882829697653077
DUS3L,4.882770184722047
BCKDHA,4.882113236854994
SSBP1,4.874973143950529
HNRNPA2B1;HNRPA2B1,4.8494647212051465
AASS,4.838675637330654
PDXP,4.835158000124987
DIS3L2,4.8346633238554695
ATP6V0D1,4.826499810776209
ATP5A1,4.824898050013099
PHPT1,4.8221194111749215
HNRNPU,4.818361563773717
C1ORF50,4.776827871012351
MYL4,4.773459933431387
RFC3,4.763974962436521
MAGED2,4.7464960450980165
TUBB8,4.745642975379978
LYN,4.742775011861628
NDUFA11,4.736816900407503
LONP1,4.735440322506639
ACSL3,4.731696150240179
HM13,4.716643724121947
ALDH1A1,4.715632080061648
DCAKD,4.7117725907661
MARCKS,4.711309820548856
USP9X,4.70509631459919
USP24,4.690893708589107
ASPH,4.689244382710256
CYP3A7;CYP3A4,4.6810477351562
VDAC2,4.654782166188496
PQLC1,4.64542308079054
VCL,4.64493893614015
PRKACA;KIN27,4.644259528779168
H2AFV;H2AFZ,4.63640484500778
COL4A3BP,4.626406815786464
CLU,4.619393247156228
SDHAF2,4.612098882974078
HAAO,4.608002035599864
EMC7,4.60734154546027
UFL1,4.6061756274328385
CSNK2A2,4.604572548488104
CES2,4.60108943324694
TSNAX;DISC1,4.597227331034801
ERGIC2,4.593705379430022
PPP1CA,4.590335025355717
LARP7,4.589049763809177
DNPH1,4.58664740124078
ADA,4.582669096387194
CUL1,4.580076471034949
TIMMDC1,4.579927752925528
MRPL21,4.575309302674595
TBXAS1,4.570790896195512
GSN,4.569964379455202
LYAR,4.564537035922462
AHSA1,4.56418896426523
AS3MT,4.557536001515358
BOLA2,4.532894434810864
TSNAX;DISC1;TRAX,4.524445592778314
TM9SF2,4.514117409413995
ACP1,4.503860997179191
SFPQ,4.4975332431658686
DCAF7,4.493963447632232
ECHDC3,4.493928488749873
ACSL1,4.491183890067056
COPB1,4.489516441947689
COL14A1,4.485247902516177
NDUFA10,4.481085991005537
ATP6V1D,4.480643647532842
PROS1,4.464768173517775
IGF2BP3;IGF2BP2,4.454000889381279
DOLPP1,4.446581993601174
ANXA11,4.441367197733348
NONO,4.435939360661092
PSMG4,4.435479175054609
NAT1,4.42706627974491
DCPS,4.413545420636778
CSTF1,4.406928745813015
ACBD3,4.40430784995155
DDX39A,4.400537184921542
HSD17B11,4.398699346114876
RPL28,4.398257390511801
SF3B3,4.396316212358674
CNPY2,4.395479754022031
GPX7,4.389204706308817
SLIRP,4.385196291836253
FOCAD,4.362312036605075
MAT2A;MAT1A,4.35525658160863
LETM1,4.352539385794287
GMPR2,4.3474044447033275
ATG3,4.340936634427862
FXR2;FMR1,4.335129263436752
HBS1L,4.332959615221588
RPS15,4.3329310531037075
GLUL,4.330166763048677
TRAM1,4.328424378786809
SDSL,4.320022944703541
HMGB1;HMGB2,4.312788868371227
MARC2,4.301998799733534
GOLGB1,4.296346636598938
ABCA1,4.268678833955628
PDCD6,4.262220477017174
PBXIP1,4.261099147634943
GFPT1,4.248622288177883
PABPC1,4.2478098917586475
ATPIF1,4.245701636059502
AGXT2,4.240441450630164
HABP2,4.239431099466223
DHTKD1,4.236925997213048
SERPIND1,4.226760694310954
HDAC10,4.222348676366329
PARK7,4.217276287001852
GPC3,4.216951428718019
ATP1B2,4.21470592843701
YWHAE,4.200361512339088
HIST1H4A,4.19738157735924
ASB9,4.193876278957836
TRMT10C,4.182805046896508
LYPLA1,4.181760668817955
MRPS22,4.178372780685984
ARL3,4.174338746817512
ABCF2,4.17062789587854
UGP2,4.165259739901021
SLC16A10,4.1652184152448815
PF4,4.1566918783645335
TMX2,4.152459257052408
PGRMC1,4.150747091414416
MRPL35,4.144211221317333
SLC25A12,4.143079833134437
LRRC59,4.1385246117304
FCGRT,4.133767080601428
PPP1CA;PPP1CC,4.129656623417895
NPTN,4.123126175243302
LLGL1,4.108703473923183
LNP;KIAA1715,4.101912019739952
PLAA,4.093584792940864
CLIC4,4.082660934948556
ATP1A1;ATP1A3;ATP1A2,4.07886879104648
PRMT1,4.077512298919547
PRKAR1A,4.074256607683154
HLA-B,4.071012680913437
NOP10,4.0624934683389045
KRT6A;KRT6C,4.057673945339732
HP;HPR,4.050264356931905
RPL12,4.037334667946406
ACBD3;PLEKHA3;MAP4K4,4.034035609862099
PON1,4.031938651789998
SULT1A1,4.0312554567174725
OS9,4.014607536137758
HNRNPR,4.011073010061461
KLKB1,3.9986921494168866
TIMM10,3.993406326201215
SERPINA5,3.9917689637617704
NT5DC2,3.9885386548138144
MAP2K2;MAP2K1,3.9808984724175627
CPPED1,3.970127008559818
PGAM1;PGAM2;PGAM4,3.9666520561337024
ECHS1,3.9634941489223636
RIC8A,3.943177152620937
ALG9,3.925244254810309
TFR2,3.918729840622023
UBE2V1,3.9146818707763176
ERMAP,3.9143030840788664
CAMK2D,3.9136229199575343
TUBA1B;TUBA1A;TUBA1C,3.90400267503912
HNRNPH1;HNRNPF;HNRNPH2,3.900301609047823
TKFC;DAK,3.8987454073428
VPS4B,3.8979187306300838
USP47,3.895287935884831
CMBL,3.8944781529986914
TMEM126A,3.883737814204915
TUBA1B;TUBA4A;TUBA1A;TUBA1C,3.8789196096723413
GALM,3.876523206212643
DECR2,3.875384026822074
FMOD,3.8701319721553715
HBG1,3.8695726105790507
AP2A1;AP2A2,3.8630365841619914
DDC,3.855788284303893
HLA-A,3.8540388578328035
HSP90AB1;HSP90AB3P,3.852274934655764
GPD2,3.848299722947151
PRKAB2,3.8455376225182003
TANGO2,3.8454007214429855
EWSR1,3.8336655846785366
XYLB,3.8298684298128554
ADH5,3.8281742730217214
CNDP2,3.8271134852845385
CLGN,3.8257968363450066
C8G,3.8221913595713426
SEC61A1,3.820846003077507
DHRS3,3.8204751265516705
FUCA2,3.8124515739475426
SNCA,3.812101414404481
MAGT1,3.7856777356286027
PBDC1,3.7798778188095237
POLR2B,3.775074126994561
NDUFS7,3.774721073515558
RCN1,3.773768777394623
ACTR1B;ACTR1A,3.7737480008230966
TOP1,3.769810967521184
YWHAB;SFN;YWHAG;YWHAQ;YWHAZ;YWHAH;YWHAE,3.7563446008187733
PES1,3.7513096008063433
NCAPD2,3.74767086959831
ERICH5,3.7404639161222235
PWP1,3.736202599662211
ITGA6,3.7334871805487935
DCTN1,3.729706771817557
NUDT16L1;NUDT16,3.727404066950487
CYP19A1,3.721499805426296
ATP11C,3.718176749489845
NUDCD1,3.7130487640457663
ATP5I,3.703255726976043
NDUFA8,3.700379701113881
ERAP2,3.6961886250626734
SSB,3.694548217325198
EMC2,3.6924971615169455
MYL6,3.6880900942155224
NPM1,3.6847832969425607
APOBEC3F,3.682615362743857
UNC93A,3.678818049773981
AGFG1,3.676222285136819
STRN3,3.668984347360495
SULT1C2,3.6685085900478214
PPA1,3.6631922922594895
SULT1A4;SULT1A3;SULT1A1,3.6556453198284324
HSPA1B;HSPA1A;HSPA6;HSPA7,3.643785045028846
GNPDA1;GNPDA2,3.6372683673646202
C17ORF62,3.631420666063169
CYP8B1,3.6299417416350432
DFFA,3.6292284654990805
SULT1A4;SULT1A3,3.6288519540555013
PDHX,3.6283876113692903
RAB18,3.6281457095523364
EIF5B,3.6217299635369273
DPYS,3.61955997213758
KRT5,3.6163604720280325
CUL2,3.615779045991888
EMC1,3.6154502863678504
SLFN14,3.5929618489748134
MTOR,3.5919533956468825
PARP1,3.591625949085229
CLCC1,3.5842662116497013
ARL6IP4,3.5840754548788465
CYB5B,3.5828941744247578
PTRHD1,3.581382560298204
SYNJ2BP-COX16;SYNJ2BP,3.5764927536637465
NDUFA7,3.575304593635368
NCEH1,3.5718965152691715
ECE1,3.5666343381809953
PTBP1,3.5542558330868705
FAHD2A;FAHD2B,3.5464355856652623
ARFRP1,3.544627692249613
LAMTOR5,3.5438680097524324
KRT23,3.543314853478829
KRT2,3.5399945136388014
POSTN,3.539079732198772
ACSS2,3.5379964942130724
SERPINB6,3.5379547875865565
MRPL42,3.53373318457038
CALD1,3.52439509634022
LNPEP,3.514164339812036
GSTCD,3.5065051245564645
STAB2,3.5031382803312665
BRE,3.499874538853719
ATP6V1G1,3.499548992184702
P4HA1,3.4980270359243932
EIF3H,3.496844657017874
ME2,3.485094190963789
NDUFB11,3.4814643998103216
PYGB,3.4814524372305655
HSPE1,3.4799239288009427
DHX57,3.4757465077516194
DNAJA2,3.4740693635969735
USP9X;USP9Y,3.471949779106181
VTI1A,3.463493521059066
SCAMP2,3.4578575747438087
BRI3BP,3.4548365515757293
NMRAL1,3.447165591015003
NPM3,3.4348219751457503
ZFP57,3.432710030914562
OGT,3.4320876251782173
TFAM,3.424767978068234
C2ORF72,3.4247452341362763
CD109,3.4225084655665023
PSG1,3.4040873151253668
SLC12A6,3.3975276089334066
PABPC1;PABPC3;PABPC4,3.395661985807038
BZW1,3.390325742120794
DCXR,3.3858920828719854
HSD17B7,3.3850022467065712
DMBT1,3.37280258421792
C8A,3.3713661075605756
ATP6V0A2,3.3664601539537466
TUBG1,3.3632009008361945
TLCD1,3.362596395786179
ABHD16A,3.3586267590013903
AGPS,3.357248632697502
HMGB2,3.3567150785823703
FMO5,3.345114503759194
ERP44,3.3447289431058422
ALG6,3.343632221750046
HTRA2,3.338331159411998
RHOT1,3.336156861099411
MRPS33,3.335213238345592
EMD,3.334946202529084
SAMM50,3.332189379814553
STIP1,3.330486352137755
TUBA1B;TUBA4A,3.3287349245307687
CCT6A;CCT6B,3.3282345848983215
IGSF1,3.326962185520757
ADH1B,3.3268726990795403
MCFD2,3.324964431897958
SLC9B2,3.3158937065964578
LSG1,3.306665005207275
HIST1H2BN;HIST1H2BL;HIST1H2BM;HIST1H2BH;HIST2H2BF;HIST1H2BC;HIST1H2BD;H2BFS;HIST1H2BK,3.3050164059706506
SLC27A5,3.3047361189104443
PCK1,3.3000986826953684
COLEC11,3.2944334841983696
SLC2A1,3.2912533643707422
MAK16,3.289444674363033
HDAC2,3.2875683371887376
CERS4,3.282733103209239
BGN,3.2800939528431234
MTHFR,3.2789445039297966
C14ORF1,3.278807852674732
COPS7A,3.274326100716354
LRRC8A,3.2727968366974394
EIF3B,3.2602452147993093
FN3K,3.243253571100658
CUBN,3.236690508317107
TUBA1B;TUBA4A;TUBA1C,3.229302675559267
GSTM1;GSTM4,3.22820718597298
GCN1L1,3.2268728854165523
PSMD7,3.2267340308495718
PRPS1,3.2208429363609423
UQCRQ,3.2207433752882557
ACTB;ACTA2;ACTG2;ACTG1;ACTC1;ACTA1,3.2166029845537483
SEC61A1;SEC61A2,3.2020257190043857
APOBEC3F;APOBEC3D;BK150C2.9;APOBEC3C,3.197247961524016
COX7C,3.1824268958944133
ATP2A2;ATP2A1;ATP2A3,3.1794064897347094
DGAT1,3.174963799670717
IFRD2,3.160228910892166
TRIM58,3.1594820001900925
MAP2K3,3.1574202404951173
NACA;NACAP1,3.15726907275687
B2M,3.156394160795139
TAF15,3.1532350335573036
DYNLT1,3.1477237559343667
WDR61,3.138790064352591
AMY2A;AMY2B,3.1352527263526997
NAA10,3.128987374379355
TMA16,3.124546728770403
VWF,3.1237854797896176
MBOAT2,3.120122634404962
H1F0,3.1139218181074937
EBNA1BP2,3.1091389177583997
RFESD,3.106786110917035
MPO,3.104041844562563
SORD,3.1001660389081933
RPL7L1,3.0997539607348865
TUBB3;TUBB;TUBB4B;TUBB2A,3.0957201402684613
SEC11A,3.0930113365242744
KEL,3.0906912774131126
SLC22A9,3.07182972823852
CS,3.0669392718830633
ADAR,3.0596561661414245
MAPK1,3.0578558284134
MCCC1,3.056466206960881
ERLIN1;ERLIN2,3.0498925832744797
NUCB1,3.049538741375507
XPO5,3.0454607648598295
BCL2L13,3.0381724065272615
LYPLAL1,3.029305546240305
SULT1A4;SULT1A3;SULT1A2,3.0269470072946714
COX7A2,3.026356683195296
MAGOHB;MAGOH,3.0182884847061766
ALDH1A1;ALDH2,3.014407385994729
PPP2R2A,2.988343547139574
LPHN2;ADGRL2,2.986067301001469
MT2A;MT1G;MT1A;MT1H;MT1X,2.9808327963351844
GNAI3,2.979139610366335
NACA,2.9774948504417447
CYP4F3;CYP4F2,2.977027864422602
WIBG,2.975934425200126
NDUFA2,2.975537338924867
DYNC1I1,2.975047847984875
UBA3,2.972604489175343
ORMDL1;ORMDL2,2.972555252117869
H2AFY;H2AFY2,2.966168950187153
SMC2,2.965790898280471
EXOSC4,2.964402639545877
LUM,2.9629678607231846
TARDBP;TDP43,2.9600466799271126
PUS10,2.958595770699737
GNB1;GNB2;GNB4,2.950750502481368
SC5D,2.9495579442242996
RBBP4,2.9493767509497264
DDX17;DDX5,2.9434823178674288
SAR1A,2.94121722371888
ITPR2;ITPR1;ITPR3,2.9392063657592953
ATP2C1,2.9309147188546243
SDC2,2.929388659948576
XPOT,2.9255095006024807
SUGT1,2.920929390453537
SPTLC2,2.9204763738613875
CYP2J2,2.9197295093105624
PPP4R2,2.9173137296639657
PSMB4,2.9063365121728895
RPL13A;RPL13AP3;RPL13A,2.892195284137512
CAST,2.888411300576074
ANP32E,2.8750073607630404
RAP2B,2.871450701001925
UBE2R2,2.8636895725357743
EIF4B,2.8553799868703154
SAR1B,2.852513524376513
COL6A3,2.849673649458841
CLCA1,2.846970725937554
POLR2H,2.8140904167723475
ADSS;ADSSL1,2.8111145658035044
SCLY,2.8074822731107374
GMPPB,2.804048234145402
MSN,2.8009734403346904
SLCO1B3,2.8008552984432984
OXSR1,2.798228575841588
HLA-C,2.7879295872204453
RMDN2,2.78310789040985
UBE2K,2.778845167663273
GAS2,2.7781350380545304
UBA5,2.772774194189224
FADS1,2.7674234979893217
ACTA2;ACTC1;ACTA1,2.767121283030548
EIF2AK2,2.7647815238245568
SDF4,2.7621949974590883
ARFGEF1;ARFGEF2,2.747732138356805
BHMT2,2.7380832053351294
CHID1,2.734405695013513
MIF,2.7278781617461703
HNRNPUL2,2.7269436841783565
AIG1,2.72677610565564
MOCS2,2.7233508517412406
CCAR1,2.7177385885392225
ACY1,2.7159695071391714
YBX1,2.7029115517341293
ELMOD2,2.701730158149592
MIA3,2.701706431728386
AGO1,2.697912633465113
PCBP1,2.6952210873588087
PMVK,2.6926508542673977
CD99,2.6873711204643858
RSU1,2.686735107130846
ELOVL5,2.6832625899692375
APCS,2.680794380815893
SLC38A4,2.6725382293145885
TIMM9,2.6714610244260872
TM9SF4,2.66929104835004
ACOT8,2.658940693604911
CYB561D2,2.6562181038880737
NMT1,2.6549190019322393
ALG12,2.654692219958873
BCKDK,2.6527380559512075
FKBP3,2.6505474290972226
TTN,2.6412144373404662
CRAT,2.6406768074933464
CAPNS1,2.636339764695678
TUBB3;TUBB4A;TUBB;TUBB4B;TUBB2A,2.624546067152398
SELT,2.6238038033259987
NDUFA1,2.623070506397963
RILP,2.6224032648772506
PEX11A,2.6183956465710243
SERPINA6,2.613659475202702
KRT6A;KRT6C;KRT4;KRT2;KRT76,2.6050275607479025
SYVN1,2.603920363368772
ITIH4,2.6018877585388607
SPTLC1,2.59257447540764
RPS27L,2.582286684859925
AFG3L2,2.5727891923123933
MYL1;MYL3,2.5678449561494796
HSPA1B;HSPA1A;HSPA8,2.5623127559052103
EBP,2.5474364462576244
MYL1;MYL4,2.5419074186383037
MRPL17,2.532790281637249
SSR3,2.5300228744616633
VAPA,2.5297363565428634
DUSP9,2.528419876847822
CSTB,2.527928714238294
HNRNPUL1,2.5177994724034223
RAB1B,2.508279989960695
CHCHD3,2.507724039794007
CROT,2.4990368074190283
RAB2A;RAB2B,2.498389923616722
STX4,2.497304873806793
CKAP5,2.482549375640471
PRDX4,2.4757113334875167
DNAJC13,2.4749330405979997
GNAS;GNAL,2.4691019166340777
SNRPN;SNRPB,2.458373752221532
EIF5A,2.457681947618872
HP,2.4570159803479
ZMPSTE24,2.4555236070986486
DNAJC25,2.4543062531802904
NDUFB6,2.453890465329943
VTI1B,2.453811886018656
PDXDC1,2.449173446408621
ATP6V1E1;ATP6V1E2,2.4483392602615552
TPM1;TPM2;TPM2B,2.444465496277171
PSMA2,2.426962932806051
NOP16,2.421075713189795
SLC11A2,2.4193792461672396
SRSF7,2.4114720561189955
NCL,2.4097653828401264
CTR9,2.406516239337476
TAPT1,2.40562163623295
GMPPA,2.4000375261632105
SPATS2L;DKFZP564A2416,2.3856293041593433
C5ORF51,2.385554814182363
PRKAG1,2.378110830401235
EEF1E1;EEF1E1-BLOC1S5,2.3737296055347534
PPP2R4;DKFZP781M17165,2.365400635888517
TBCA,2.35496830942104
PLS3,2.352171854358991
HNRNPH3,2.349069774872849
SLC35A3,2.3464185164422444
MUC5AC,2.3378895771603507
TMEM43,2.3330307962219097
NARS,2.3260978599493005
KPNA4,2.3240915149715806
DDX39B;DDX39A,2.321534711919321
ACAD8,2.3198175249873847
TMEM181,2.3164343423592992
FDXR,2.3155449561371797
WFS1,2.3118437347169856
KRT14;KRT16;KRT17,2.3082255609801763
MYO5B,2.305920900981754
TMCO1,2.294963905213841
HSP90AA1;HSP90AA5P,2.281199269494304
SCARB2,2.2792644428538056
DNAH12,2.2723616936796303
VDAC3,2.269336189707105
UPB1;DKFZP779O1248,2.2598163188573053
HOOK1,2.2543775701214974
IGFALS,2.2523142105433136
ACTN2;ACTN1;ACTN4,2.2508835407598533
MYL12A;MYL12B;MYL9,2.2489098929294165
NDUFV3,2.241631330489209
ORMDL3,2.2405510230843473
ZNF622,2.2387578628554348
IPO7,2.2242213432524185
SRP9;DKFZP564M2223,2.2136123253026527
CDIPT,2.2134082307841263
DHCR7,2.20935828476486
ACTA1,2.2091631521047557
SPCS1,2.2091229197576805
NAP1L4,2.205186129088705
UQCRFS1,2.2046362632713827
TUBB4A;TUBB6,2.202810154514506
ARL2;ARL2-SNX15,2.201670388710261
SDPR,2.191511855465839
SRP14,2.183596604036951
MBNL1,2.183115609080752
NEMF,2.181344282992876
ARHGEF2,2.181265020618486
CDKN2AIP,2.178397465046379
PRKAG1;PRKAG2,2.1783369813874898
SLC2A3;SLC2A14,2.1666403788892237
RHOB;RHOC;RHOA,2.1604855691845537
NEK9,2.1597570886633792
KIAA0319L,2.149673804560117
NDUFC2;KCTD14;NDUFC2-KCTD14,2.148055963668191
AAMDC,2.1439538208607294
NUDT15,2.1402578944241255
SPTB;SPTBN1;SPTBN2,2.139521884189856
MAST4,2.139029867372373
RNASE4,2.1301466368550543
HSP90AB1;HSP90AB3P;HSP90AA1;HSP90AA5P,2.129356573185074
FRYL,2.128012008362762
NBAS,2.1184915343934665
PSMF1,2.1154789179301665
FCN3,2.1154112894289714
ZFR,2.1125786527784123
C5,2.108248927450747
SLC35E1,2.102217230172865
PHYH,2.100327287080501
RAB17,2.0802353869996666
TUBB3;TUBB4A;TUBB;TUBB4B;TUBB2A;TUBB6,2.0716867625124604
COX17,2.0674042271053823
SCRN2,2.0672491749540556
MARS,2.0633652283967607
UPB1,2.061010321569763
SUCLG2,2.059995465386897
SNRPB2,2.0563910961643628
STX12,2.0559683375120477
SMIM1,2.055514781668982
FUS,2.0405464586615114
TMX1,2.0336703580923365
ATP11B,2.0300664826154073
VCAN,2.0287234432580528
CCDC127,2.017253286567394
PSMD14,2.0141664674832747
ZNF326,2.0103435807035233
ACACA;ACACB,2.0024675125670353
ZFYVE16,1.9966811449923156
C1QBP,1.991230125768432
HSPA4;HSPH1,1.9901672653849083
C1R,1.9895561537013813
LAGE3,1.9832359705502867
SLC7A5,1.9775645364598746
LDHB;LDHC;LDHAL6A;LDHA,1.9775449369987366
MKKS,1.9661974982558137
DAP3,1.95742801205156
SLC12A9,1.9557868860467131
DNM1L,1.9541576789098238
RPL22;RPL22L1,1.9532987732117149
BCKDHB,1.95141335184747
HPR,1.9440836835983342
TXNDC9,1.9326873853000153
PIP4K2A;PIP4K2B,1.9271328245588548
POFUT2,1.9246996222538004
RIPK1,1.924108802293793
MRPL11,1.9224603355612562
EPB41L5,1.910978746714452
SNX1,1.9092929130742382
BOP1,1.9081007150655132
LNP,1.894822254512928
LDHD,1.8901174270938403
MRC1,1.8899377431614675
CAND1;CAND2,1.8760575144273322
DNAJA3,1.8643144424597624
SLC30A9,1.8564397190609023
ANP32B,1.8550788564746077
SLC30A1,1.8534807007654335
TRNT1,1.8512095705348135
ARHGDIA,1.8496064422358596
TMEM165,1.8468002793841238
GLYR1,1.8339806751717043
IMPAD1,1.8334875631869607
MMRN1,1.8307555667234663
NUDT2,1.8268201869240048
CAPZA1,1.826004557637809
GYS2,1.8047695938013468
CPOX,1.7818829420765165
EIF3G,1.7698082567280686
HSP90AA1;HSP90AA2P,1.7682722053171473
BIRC6,1.7622268246057493
H3F3B;H3F3A;HIST3H3;H3F3C;HIST1H3A;HIST2H3PS2;HIST2H3A,1.7579570369829862
AQP1,1.756132677649058
RAB9A,1.7546995167380404
MRPL48,1.752920632426953
PPIB,1.7529128578955124
GIGYF2,1.7510782181086408
SRSF6;SRSF4,1.749211750231197
RPL36A;RPL36A-HNRNPH2,1.7490464062407372
F9,1.7410562641838587
SLC31A1,1.7344018530099174
C1ORF123,1.7309772773683754
RBX1,1.7308988990350656
GNA11,1.7302821172350238
HSP90AB1;HSP90B1,1.7240866113857638
SLC38A9,1.7161370166881489
PCNP,1.7120121454286752
NDUFAF1,1.7096622250576556
SYPL1,1.7028639127803913
ETHE1,1.6954569249472888
SEC61B,1.6908779486741248
CD5L,1.6902819445188986
MPP1,1.6673540227244454
CD180,1.6668533521545523
RPS6KA3;RPS6KA1;RPS6KA2,1.6606833579971334
NADSYN1,1.6580142276567595
ADCK3,1.6563082575265213
CPN2,1.6553639464038883
MOB4;HSPE1-MOB4,1.6553278889789387
SF3A1,1.6510871335402368
CSNK2A1,1.6471825938634725
SLC1A5,1.646943787874053
MT-ND1,1.642914777134583
ARPC1A;ARPC1B,1.6344741675691274
MAPK3,1.618104858130684
ACTB;POTEE;ACTG1,1.6165328008489488
SIGMAR1,1.6155822925348113
CLEC1A,1.615422823815462
DEK,1.6130615418828917
SLC33A1,1.6099224935789929
TUBB4B,1.5993031068830261
HLA-A;HLA-C;HLA-B,1.5968763700651403
SETD3,1.5945463976493464
ETF1,1.592100491263645
ATP1A1;ATP1A3;ATP1A2;ATP1A4;ATP4A;ATP12A,1.5730461386759989
PEA15,1.5655931157143261
TMEM135,1.5606550299093105
SULT1A4;SULT1A3;SULT1A1;SULT1A2,1.5460024846877378
C4A,1.5430052128737024
SRSF6,1.538905958925684
CAPN5,1.5368280215879353
PSG3,1.524919958662401
HNRNPC;HNRNPCL1;HNRNPCL2,1.5160935436620613
GALNT1,1.515018167101971
UBA7,1.5118881354026479
GPX4,1.5098308591701468
HSP90AB1;HSP90AB3P;HSP90AA1,1.502145374800605
CTSZ,1.5016580128728323
FKBP11,1.4985012056529905
SLC46A1,1.494432560467207
NUBP1,1.4842156696069335
UQCR10,1.4782309253869865
LAMP1,1.4735066219493775
AP1G1,1.4731783219999683
PSG4,1.4514273383319105
HIST1H2AJ;HIST1H2AH;H2AFJ;HIST1H2AD;HIST1H2AG;HIST2H2AC;HIST2H2AA3,1.4428190792095237
PRKAR2B;PRKAR2A,1.437581111459939
MON2,1.430751708028311
TIGAR,1.4249082336601926
ASPN,1.4192394653871743
KLC4,1.4147764175507107
HFM1,1.4110528633153656
RARS,1.4066897219429424
HNRNPH2,1.4062887915435598
ACSL1;ACSL6,1.4016531530804788
LYRM5,1.3998758213999847
SAE1,1.3944768626847284
EIF4E,1.3939098875754423
THUMPD3,1.389196783528519
HIST3H2BB;HIST2H2BE;HIST1H2BB;HIST1H2BO;HIST1H2BJ;HIST1H2BA;HIST1H2BN;HIST1H2BL;HIST1H2BM;HIST1H2BH;HIST2H2BF;HIST1H2BC;HIST1H2BD;H2BFS;HIST1H2BK,1.3801245382872016
SLC25A5;SLC25A4;SLC25A6,1.3746710837735951
CHDH,1.3700638295416503
CELF1,1.3621448009354462
DDT,1.361422550814164
MYOF,1.3602801514196194
HIST1H2AC;HIST3H2A;HIST1H2AB,1.3572991163005401
LPA,1.35428480387764
THNSL1,1.3403720204939746
CDK11B;CDK11A,1.3397264136276987
CFD,1.3351342078778616
AASDHPPT,1.3266199579625308
HSP90AB1;HSP90AB3P;HSP90AA4P;HSP90AA1;HSP90AA2P,1.3263318758381981
UBE2A,1.3213204932853266
TOR4A,1.3128877055223485
NDUFV2,1.3099781671167923
GMPR2;GMPR,1.302848232230786
CUL4A,1.3023102498966503
VIM;DES,1.3001549654063604
VAPA;VAPB,1.2949699716489875
ERLEC1,1.2944212698766286
OGDHL,1.2856974964509695
FCGR2C;FCGR2B,1.2611111745315946
POTEJ,1.252250668369113
PREB,1.251088881075074
PFKM,1.2496298951919456
KIAA1147;LCHN,1.2389587801841708
TMEM87A,1.23577162057436
ARF4;ARF5;ARF1;ARF3,1.2300057185576445
PSG3;PSG8;PSG1,1.221622351422077
POLR2J;POLR2J3,1.2098793591758783
VPS51,1.2094855088710497
STRN3;STRN4;STRN,1.2087239294735508
PRDX1;PRDX4,1.2026472792940843
RCC2,1.201534074864605
CPN1,1.1912986021005392
APOL1,1.183384879633479
JMJD7;JMJD7-PLA2G4B,1.183371016862717
HMGB1;HMGB1P1,1.1797272835875174
KDELR1,1.1766791581161873
LBP,1.1742662271860411
ANGEL2,1.1731372675804757
CALM2;CALM3;CALM1,1.171481759233328
ESYT2,1.1666970976565518
KRT2;KRT76;KRT79,1.14590512654224
CORO7;CORO7-PAM16,1.1440523914936778
F11,1.1423793508078586
ATP1A1;ATP1A3;ATP1A2;ATP4A,1.1379034916085742
TUBA1B;TUBA1A;TUBA3E;TUBA1C,1.1369149892174188
MFAP4,1.1364024732279883
APOC4,1.121116253310194
UFSP2,1.1146428040046537
GPRC5C,1.114378836392345
ARL8B,1.1013783194956648
ANAPC2,1.101339802501604
CFHR1,1.0984344987766574
BIN2,1.0970465675954058
PRKCI,1.0938352538627065
AGER,1.0883672737841563
MT-CYB,1.0788622898177416
PFKL;PFKM,1.0784732865560334
RAP2A,1.0737071936022449
PLOD2,1.0621719021837788
TUBB3,1.0589039822031396
AMN,1.0494971819299326
CUL4A;CUL4B,1.036756252201344
SOAT2,1.0356040975698029
SLCO1B3;SLCO1B7,1.0342966841295875
BCLAF1,1.026090171424975
C20ORF24,1.026062544568983
RAB10,1.0200729804851596
CPNE1,1.0186226195637995
TOP1;TOP1MT,1.016624872966796
C14ORF2;MP68,1.0121728706300919
HSP90AB1;HSP90AB3P;HSP90AB2P,1.0013121185823757
DDX27,1.0010929717777368
TPRKB,0.994115507126048
ARF4,0.9904986364264224
ELP6,0.9766869330242655
SET,0.9762098079561439
ARL2,0.9652801249601357
PXN,0.9604095086256854
RPP30,0.9577453680637114
ECSIT,0.9541505878613981
MARC2;MARC1,0.9531260372336522
H3F3B;H3F3A;HIST3H3;HIST1H3A;HIST2H3A,0.9530716049204142
CYSTM1,0.9483573768654449
CD81,0.9463976941560152
LGALS3BP,0.930911345861995
THBS1;THBS2,0.9272304782119454
STRN4,0.9008223482516159
MIA2;CTAGE5,0.8972561346581608
ACTR3;ACTR3B;ACTR3C,0.8966021215328854
GATSL2;GATSL3,0.8962837290240349
JMJD4,0.887889460194133
MRPL12,0.8788050513415938
R3HDM1,0.8755367520123146
SBDS,0.869220303474318
ANK1;ANK2;ANK3,0.8443323096247509
RPL22L1,0.8371904557563375
MASP1,0.8278664514611772
RPL36AL,0.82749827547887
AKR1C4,0.8261793809365331
PROCR,0.822598202733336
MAP2K2,0.79769660738654
PAK1IP1,0.7918605283459064
GLUD2,0.7728333434957947
FAM206A,0.7587473024719098
MUC16,0.7327072651437762
MRPL20,0.7305893191706988
SNRPA,0.7199802506407846
PKLR,0.7167696426619383
ENPP2,0.7117397951077655
RNF7,0.708075808617396
ALAS2,0.7072487477025906
RAB3B,0.7038929837861554
FBLN1,0.7000033702227237
HIST2H2AC;HIST2H2AA3,0.6976911804018282
ACSL6,0.6742867948648404
WDR81,0.6741626638966028
AGO1;AGO4,0.6658691141597182
PRPS1;PRPS1L1,0.6604381911182878
TBC1D23,0.6558106423679969
SNCA;SNCB,0.6375482538413109
PRSS3,0.6327746208628999
PLXNB2,0.6298014412256687
EIF3F,0.6260038616710197
MINOS1;MINOS1-NBL1,0.601561038898356
DCTN1;DKFZP686E0752,0.5981394868839475
ATP2A3,0.5867012508858032
CLC,0.5656465310151818
SPTLC3,0.5641890892714282
SYAP1,0.5627938245360986
GEMIN5,0.5597778505948099
ATP6V0D2,0.5529781680420148
CHGA,0.5515149946882
TUBA1A;TUBA3E,0.5428282970555329
HIST3H2BB;HIST2H2BE;HIST1H2BB;HIST1H2BO;HIST1H2BA;HIST1H2BN;HIST1H2BL;HIST1H2BM;HIST1H2BH;HIST2H2BF;HIST1H2BC;HIST1H2BD,0.5375125663494214
NUDT16L1,0.53570034635074
HPGDS,0.5343305335923318
ACTA2;ACTG2;ACTC1,0.5244580944903954
VIM;DES;PRPH;KRT8;KRT7,0.523826741889662
MT-ATP8,0.5229876374506209
KDELR1;KDELR2,0.5087915139494875
CLCN3,0.5044195761901844
MRPL14,0.4771846405887758
CYP4F3;CYP4F2;CYP4F11,0.4768912618901394
TEKT5,0.43787308411079456
APOBEC3F;APOBEC3D,0.43393995135470403
CPSF7,0.4330256600222096
RPRD1B,0.42293647063260453
PSG3;PSG7;PSG8;PSG4,0.4147822392645689
CYP4F3;CYP4F2;CYP4F11;CYP4F12,0.41255396846685854
ST13,0.40858356983728994
UGT2B7;UGT2B10;UGT2B11,0.38510806593140684
CST3,0.3834612380726773
G3BP1;G3BP2,0.37817232269058965
ARHGEF1,0.3739373153515367
PIPOX,0.3678424775298348
RBM39,0.36097326985916206
CD302,0.3605550715315999
PPP1CC,0.358083561372689
CTCF,0.35643781845735606
ADPRM,0.3536672542793513
TUBB3;TUBB4A;TUBB;TUBB4B,0.3521592593184607
ABCC11,0.351945375575409
RABIF,0.34887712078885824
DYNLRB1;DYNLRB2,0.3453316645715198
TCAF1,0.32783137907689547
RPS6KA3;RPS6KA6,0.32648735309756766
CD74,0.312027296430974
EPT1,0.2659398952569371
UQCRFS1P1,0.2519053024735305
AKT1,0.24084736065351764
NCF1;NCF1B,0.22853716564251947
TMEM70,0.21525181418198638
TMEM141,0.20517004406958236
RAB1A;RAB1B;RAB1C,0.20204437281477822
ATE1,0.2006335185381065
PABPC1;PABPC3;PABPC1L;PABPC4,0.1892687014079386
TMPRSS6,0.18902711463044503
VIM;DES;NEFM;INA,0.18173456533817975
FTO,0.1764051895865568
SENP8,0.17241190875595666
RYR2,0.1625941151061783
AMY2A;AMY2B;AMY1A,0.15841813004837743
RRAGC;RRAGD,0.15330005460508261
HIST2H3PS2,0.14280734963226888
ZNF511,0.1403526897969928
GMFG,0.1361435397274481
CYP21A2,0.12945475159475306
KRT14;KRT19,0.12513709651183005
ADRM1,0.12103629873598926
ACTB;POTEE;POTEI;ACTA2;ACTG2;ACTG1;POTEF;ACTC1;ACTA1,0.08491041105599385
SH3GL1,0.08334613257324208
RPLP1,0.07919437299298115
PRKACG,0.0789878740717461
RAB21,0.06357541014606312
PICALM,0.045336348272224575
PDCD2L,0.0413304560954641
EPCAM,0.013168511713358418
TUBB;TUBB4B;TUBB2A;TUBB8;TUBB1,0.010868317774901132
PDXDC1;PDXDC2P,-0.013406094376917576
GPR107,-0.016343607929646158
AKR1C3;AKR1C1;AKR1C4,-0.02661661654668278
SNX3,-0.02731138077077178
UBE2N,-0.038025895427682914
RDH10,-0.04754804917380837
YTHDF1,-0.05604986767105508
YWHAB;YWHAG;YWHAZ;YWHAH,-0.05665071325889522
USP5;USP13,-0.07671079771396887
ADCY10,-0.08692414013631412
NAP1L1;NAP1L4,-0.10335099528381887
NOMO3;NOMO2,-0.11639535452126484
CFHR1;CFHR5,-0.12016753598327622
MCTS1,-0.12342676688698893
HIST3H2BB;HIST2H2BE;HIST1H2BB;HIST1H2BO;HIST1H2BJ;HIST1H2BN;HIST1H2BL;HIST1H2BM;HIST1H2BH;HIST2H2BF;HIST1H2BC;HIST1H2BD;H2BFS;HIST1H2BK,-0.1293227121905918
ALG8,-0.1438172176719717
S100A9,-0.17295540649598673
ABCD1,-0.19820889178541617
UGT2B10;UGT2B11,-0.20789203116532706
COPG1;COPG2,-0.21907631757011486
TOR1B,-0.22667518678037177
SLC39A7,-0.22729804447665444
MRPL55,-0.2331975520956508
ACTN4;SPTBN4,-0.24133629981032
MT-CO3,-0.2499688180438888
TOP2A;TOP2B,-0.2541318185226356
TUBA1A;TUBA3E;TUBA1C,-0.2806998158706058
FBXO30,-0.2949065033825669
RAP1GDS1,-0.29704013302151455
POLR2J,-0.3133600244172352
HLA-B;HLA-A;HLA-C,-0.3161360120902948
EIF4G2,-0.3168398781789056
UGT2B7;UGT2B4,-0.3172725052278439
TMEM41B,-0.32360370925467985
STX8,-0.3400267015617922
MT-ND4,-0.3452806104435091
LARP1;LARP1B,-0.3488175926774247
PPP5C,-0.34996280452983997
SLC19A3,-0.3531344219724752
HKDC1,-0.3688780619680039
TMEM11,-0.37712771898746
KPNA4;KPNA3,-0.38430041867797987
DHRS4,-0.39140724996781584
ATP1A1;ATP1A2,-0.39412258985126136
TBCB,-0.40131976330555896
TTC9C,-0.40218480632750475
RABL3,-0.4148185917061193
TUBA4A,-0.4303556035941266
KDSR,-0.43107473458352663
TUBB4B;TUBB2A,-0.43139631385563676
GALNT7,-0.4398830642170406
DPYSL2;DPYSL3;CRMP1,-0.4535908304018968
RABEP1,-0.4567187017207742
SLC43A3,-0.46958859927651986
KRT6A;KRT6C;KRT2;KRT5,-0.48228907341245375
SLC25A5;SLC25A31;SLC25A4;SLC25A6,-0.4840428008559839
ELP4,-0.48531631228955024
ASNS,-0.48706244639510726
DAB2,-0.4878374405861078
FAHD2B,-0.4911038705938526
NEDD8;NEDD8-MDP1,-0.500042272137013
NTMT1,-0.5013392234273751
MLLT11,-0.5020737875504596
CDK1;CDC2,-0.5182489143582873
AGO1;AGO2,-0.5467722665622999
HIST1H2AJ;HIST1H2AH;H2AFJ;HIST1H2AD;HIST1H2AG;HIST1H2AC;HIST3H2A;HIST1H2AB;H2AFX;HIST2H2AB,-0.5600671444954443
FBXO6,-0.5664253381040524
TUBB4A;TUBB;TUBB4B;TUBB6,-0.5734078529347507
DUSP23,-0.5794609675029836
ACTB;POTEE;POTEKP;ACTA2;ACTG2;ACTG1;POTEF;ACTC1;ACTA1;ACTBL2,-0.5855941318985898
PTMA,-0.5905129247789385
GOSR1,-0.6006445846565183
MSH5,-0.6029231736144857
LPCAT3,-0.6205491399519993
VTA1,-0.6262890577656809
NFXL1,-0.6477033498452185
ATP6V0C,-0.6802525503006188
MRPL53,-0.6824831047341497
EXOC3,-0.6826434132682151
CASK,-0.6936726728167316
ESRP2,-0.702641103493948
CYP4F12,-0.7090239395069474
PF4;PF4V1,-0.7243813897461273
ANKRD44,-0.728048030957581
MRPS14,-0.7359454380177389
AP3M1,-0.7363772160894256
CALCOCO1,-0.7393034856916553
DERL2,-0.74063985134628
RTN3,-0.7444781742701204
YWHAB;YWHAQ;YWHAZ,-0.7536643671628359
VBP1,-0.7539642809025872
KRT6A;KRT6C;KRT72,-0.76298614214617555
KDELR2,-0.7642645575255117
H2AFY,-0.78735997048801
SLC26A6,-0.7884874534869618
PYCR1,-0.7938497303891605
SNRPE,-0.7945682638488315
TOMM5,-0.7965149053110309
CARHSP1,-0.8059772716218669
SCAMP4,-0.8116404887047743
NDUFB4,-0.8137193666520774
TMSB10,-0.815447397388319
TNPO3,-0.8176001818357058
ANKRD44;ANKRD28,-0.8250834885211881
TTLL6,-0.8336056261461842
SLC35B2,-0.8365537809519712
ARFGEF1,-0.8502468357423424
RWDD1,-0.8546754053740402
KRT72,-0.8573226847899638
PLCD4,-0.8708615543378454
GSPT2,-0.8740713401682562
KRT13;KRT14;KRT15;KRT16,-0.8743003979821345
FNTB;CHURC1-FNTB,-0.8795218122333974
KRT13,-0.8807857656374884
RABEP2,-0.8826768703054649
CDC37L1,-0.8830249791401582
U2AF1;U2AF1L4,-0.8830372786940999
MT1E,-0.8830789667168601
GOLGA2,-0.8881442530246002
SLC16A2,-0.8917327722729825
SNX6;SNX32,-0.8940275573434253
LGALS7,-0.8944568687659785
CNDP1,-0.8968448614503768
KRT4,-0.8992486166958437
VASP,-0.9002140546763557
RAB6A;RAB6B,-0.9040558077958233
SPTB;SPTBN1,-0.9071549551798787
TSG101,-0.9077013708567809
SRC,-0.9083635284361897
ACTN2,-0.9098072649853525
ANKHD1,-0.9129526483780738
FKBP10,-0.9143819366613143
SYNRG,-0.9146970370028509
SFN,-0.9151016226903181
ANXA7,-0.9239463759817099
TLN1;TLN2,-0.9245073422637895
DYNC1LI1,-0.932443055260126
BAG6,-0.9348551979614117
S100A8,-0.9353895097878648
HBG1;HBG2;HBE1;HBD;HBB,-0.9501647153830811
RRS1,-0.9573267970951522
COMMD9,-0.9646918925766468
GLOD4,-0.9743288855259455
POLR1C,-0.9799778749887734
FLNB;FLNC;FLNA,-0.9812938533305233
DDX3X;DDX3Y,-0.9815836152557827
TIMM23;TIMM23B,-0.9845495059868277
EXOC1,-0.9861480580680803
LLPH,-0.9886356370280887
MT1G;MT1A;MT1H,-0.991548750477071
RAB43,-1.0053619791455601
FAM63A,-1.0237567450660578
UBA6,-1.0409431632517323
LANCL2,-1.0416220688253133
C1GALT1C1,-1.06996077234277
RBP1,-1.074732468558869
S100A12,-1.0763689061063406
MRPS16,-1.0798067101802722
NUP43,-1.0849509989051827
ALDH1L1;ALDH1L2,-1.0867851096652272
CORO1B,-1.0868686095602123
KRT10;KRT12;KRT14;KRT15;KRT19;KRT17;KRT16,-1.0874060311239773
TMEM205,-1.0960963304566953
MT2A;MT1M;MT1G;MT1X;MT1E,-1.1038819458287474
CFH;CFHR1,-1.1042497427639122
C14ORF142,-1.105870904794396
PNPO,-1.1064230263501957
SLC12A6;SLC12A4,-1.1106555108553233
PLD3,-1.1137327108055246
UQCRH;UQCRHL,-1.1161654890873818
ADAM10,-1.1187983046252175
H3F3B;H3F3A,-1.1265684171291086
TMSB4X,-1.1285413326869154
SERPINA3,-1.1304170219007514
ZC3H15,-1.1450412873364784
RNF213,-1.1485720563463524
PIGG,-1.1502412160397848
SMC3,-1.1629442502910419
NCF1;NCF1B;NCF1C,-1.1671002596946192
PFDN6,-1.1750154874808054
TAGLN2;TAGLN3,-1.1767742199787827
KRT17,-1.179491502510726
FCGR3A;FCGR3B,-1.1796628621228005
NMT2;NMT1,-1.1806367549876307
GLT8D1,-1.1811987378521753
IST1,-1.18322357633792
PFDN2,-1.1893002927577454
HIST1H2AJ;HIST1H2AH;H2AFJ;HIST1H2AD;HIST1H2AG;HIST1H2AC;HIST3H2A;HIST1H2AB;HIST2H2AC;HIST2H2AA3,-1.1900288189952966
TRA2B,-1.1924634447866487
CTNNA1;CTNNA2,-1.1999471051907633
DNAJC11,-1.201248979650498
GPLD1,-1.2128373859643227
LHPP,-1.2186336962001139
C4B,-1.2237496108773698
FERMT3,-1.2253518260381537
PTGIS,-1.2288332250601282
HIST2H3A,-1.2314479044480786
POC1B-GALNT4;GALNT4,-1.2316585570104204
SUGCT,-1.2329634464956858
ENO1;ENO3;ENO2,-1.2350994849108967
KRT14;KRT17;KRT16,-1.2383346984806116
VPS52,-1.2553813306637833
DHRS7B,-1.2566014532639096
PTPN6,-1.27241794308624
PPBP,-1.27254488422621
ISOC1,-1.2763744946597118
NMRK1,-1.287666109030794
ACSL4;ACSL3,-1.291774823364105
UBE2Z,-1.2992615430435444
DNAH3,-1.3001235110025213
MTAP,-1.3034800566123672
RDH16,-1.3039067017912265
KRT10;KRT24;KRT13,-1.3126641901959917
TM9SF1,-1.3128753207631179
YIPF3,-1.315242243133012
SLC25A4,-1.31556658807076
ATP6V1G1;ATP6V1G2-DDX39B;ATP6V1G2,-1.3198433616080116
SCAMP3,-1.3293693377276081
ARL8A;ARL8B,-1.33055908717266
LIN7C;LIN7A,-1.3362431175110414
HNRNPH1;HNRNPF,-1.3393290969944573
PXMP2,-1.3410529786171215
TUBB4A;TUBB;TUBB4B;TUBB2A;TUBB8;TUBB6,-1.341421012668922
HNRNPA2B1,-1.354003271341481
EVA1B,-1.3541188923651073
SRPK2,-1.3544225464221917
KRT14;KRT16,-1.3545873208617392
UGT2B7;UGT2B10;UGT2B11;UGT2B28;UGT2B4,-1.354966123542744
NAP1L1,-1.3550578696657152
HIST3H2BB;HIST2H2BE;HIST1H2BB;HIST1H2BO;HIST1H2BJ;HIST2H2BD;HIST2H2BC,-1.369554858403273
MTM1,-1.3718717843883554
AKR1C3;AKR1C1,-1.3761431408895861
TUBB3;TUBB;TUBB2A,-1.3842827031114513
ATP6AP2,-1.391830120318219
TBCEL,-1.392995269238957
RAB11FIP1,-1.395289441240202
HSP90AB1;HSP90AA1,-1.400849583668092
KRT10;KRT25;KRT28;KRT27;KRT26;KRT14;KRT16,-1.4044771101518263
GP5,-1.4072830753700984
HBG1;HBG2;HBE1,-1.4073299271157422
GSPT1;GSPT2,-1.4085540030802537
TPM2;TPM2B,-1.4123591852053536
ABCC1,-1.4128584144418175
MRPL2,-1.4175395254288456
GUK1,-1.4210211919062665
CPS1;CAD,-1.422950780337414
KRT14,-1.423412261866253
OMA1,-1.4307631315078617
PRKAR2B,-1.4349548893421609
CTPS2;CTPS1,-1.4425523541990681
GNA14,-1.450550449616477
DPM3,-1.4525097491315573
NPTN;DKFZP566H1924,-1.4551547827832578
HACD2,-1.457166316716406
ACOT2,-1.4571966196483566
HSP90AB1;HSP90AB3P;HSP90AA1;HSP90AB2P,-1.463869163349893
ACTA2;ACTG2,-1.47950136703336
LGALS3,-1.487529345124565
OXCT1;OXCT2,-1.4888323293409855
RCN2,-1.4915945510439075
KLHDC4,-1.4928345253596804
MUT,-1.5071293002206017
EIF2B1,-1.5132247793529205
UBR2,-1.5144527551991203
POTEJ;ACTB;POTEE;POTEI;POTEKP;ACTG1;POTEF,-1.5150842146007835
TOLLIP,-1.5210835617906946
CRBN,-1.5226976607310958
COPS7B,-1.5335836267539726
SERPINA4,-1.5375491186693437
RPIA,-1.5383737051392317
TSPAN14,-1.539388957580031
KRT14;KRT17,-1.5394166111343575
TOMM22,-1.5430012482900182
LAMTOR3,-1.5438646739204118
ENPP1,-1.547781670945922
HRNR,-1.5544249104108294
CSNK2B;CSNK2B-LY6G5B-1181,-1.5604125164199056
PSMB7,-1.5654888418743393
CTBP1,-1.5709351685328756
ACTB;ACTG1;ACTBL2,-1.5854270920900118
RAB1A;RAB8B;RAB15;RAB8A;RAB13;RAB10;RAB1B;RAB1C,-1.592246012705393
PEX3,-1.5952278511061737
ACTR1B,-1.597363514828227
IMPACT,-1.599587579743258
PPT1,-1.6033928015169794
ATP2A2;ATP2A3,-1.6069271259247644
NUBP2,-1.6112350721233817
C1S,-1.6149948418156155
ACTG1,-1.6169009310748692
PTER,-1.61859845779588
JUP;CTNNB1,-1.623752668111557
NOMO1,-1.6296516690272735
PUM2,-1.635199808554164
NUP93,-1.6384888698001054
PFDN5,-1.6410803702599255
VAMP3,-1.6423221396641658
UQCRH,-1.6426178105654359
B4GALT1,-1.6452469538012215
GNB2;GNB4,-1.6462505602944855
PRKACA;PRKACB,-1.6493422028150544
MT1H;MT1HL1,-1.6499231715395335
GLIPR2,-1.6505776426496706
CHD4,-1.6517678202165347
AURKAIP1,-1.6717513788928386
PFN2,-1.672289840502293
KMO,-1.67656569653607
CAMK2D;CAMK2A;CAMK2B;CAMK2G,-1.681396258680254
GNA11;GNAQ,-1.6861325819164736
NDUFAB1,-1.6863746309729415
PURA,-1.687761222984223
IQGAP2;IQGAP3;IQGAP1,-1.6921106341977066
UGT2B7;UGT2B10,-1.6952410466370555
COL6A1,-1.696177726829485
PDZK1;PDZK1P1,-1.7050698084795277
ZZEF1,-1.7085120681676436
CBR1;CBR3,-1.709093924889699
TBL1XR1;TBL1Y;TBL1X,-1.7216274740118525
PRPS1;PRPS1L1;PRPS2,-1.7344320692090323
EPS15,-1.7374714641596507
LAMTOR4,-1.7381401615948546
PGRMC2,-1.7400157751425105
AP1M1;AP1M2,-1.7446500934007632
RABEPK,-1.7454788041873395
SRSF10,-1.7455950275082779
MFN2,-1.7616351912552592
TMEM192,-1.7671200437426726
SMCHD1,-1.772549947773104
AMBP,-1.7776106117756718
APOH,-1.788183451738372
ADH1B;ADH4,-1.7920261766212557
FETUB,-1.7951679822054067
PRKACA;PRKACB;KIN27,-1.8019014134244238
CD36,-1.8049929867278727
HSPA4;HSPA4L;HSPH1,-1.8089719434788873
PTGES3L-AARSD1;AARSD1,-1.8109843684615505
ASF1B,-1.8119710788394503
ERH,-1.812657588116365
YTHDF1;YTHDF3,-1.8162779707467973
GRN,-1.8236147841594905
NAT10,-1.8314801971490007
SLC13A5,-1.8390769235110067
SORBS1,-1.8406947985657705
FCN2,-1.84260315092196
TUBB4A;TUBB;TUBB4B;TUBB2A,-1.8434828733745252
P2RX4,-1.8508178458667355
PEX14,-1.8521179139418813
MT1E;MT1L;MT1F,-1.8527800351003447
RPL29,-1.8550034888091107
CLTA,-1.855296918498711
PRKAA1,-1.8603835964454238
TOM1,-1.8615787779492732
ARL8A,-1.8707759326280533
NUDCD2,-1.8772585171234235
ABRACL,-1.8820173740013226
STAT3,-1.8837175475529275
EML1,-1.88434116319712
DRG1,-1.889817362120277
FDX1,-1.8935898920294862
SNAPIN,-1.9074524864569034
PAICS,-1.9165699295703467
MAPK9,-1.9173373747292346
TPP1,-1.9257320783647762
ISOC2,-1.9280400130884046
SNRPD3,-1.9375067592352524
SEC11L3;SEC11C,-1.9453420664865384
HEBP1,-1.9523419507620188
BLOC1S3,-1.9528928232231766
HNRNPA1,-1.95647589047694
PURB,-1.9574937237538383
ANO10,-1.9606326697173055
MMGT1,-1.9625179548245355
UBE3A,-1.964077831450375
PDZK1,-1.9664706383023343
AKR1C2,-1.9716553036034214
VAC14,-1.9789143731646481
UROD,-1.9797695388616263
CANX;CLGN,-1.9841330968059614
ABHD3,-1.9932379892816225
HIST1H1E,-1.994753625921177
NRAS,-2.002635922544162
CFHR1;CFHR2,-2.0052753549994398
TUBB;TUBB4B,-2.016376232895467
HBA2,-2.0181777056226435
POTEJ;ACTB;POTEE;POTEI;ACTA2;ACTG2;ACTG1;POTEF;ACTC1;ACTA1,-2.0225599027301304
ACSL1;ACSL5,-2.027919676178847
MT-ATP6,-2.029953880666311
GOLPH3,-2.033203867507152
RAB1A;RAB1B,-2.0332960955411408
RAB32,-2.039832488527015
GATA1,-2.047074029615889
RAB3GAP1,-2.0471570460783
PRRC1,-2.0536729562486453
HSPA8;HSPA2;HSPA6,-2.0543241033227657
DYNLL1,-2.057759725757511
GLB1,-2.067333222917559
UGT2B7,-2.0680372003848313
ADD3,-2.0683376020493682
MPC1,-2.073681238542173
PDDC1,-2.0754988267113292
ARL1,-2.077032084034508
FAM98B;FAM98A,-2.0808699122238927
ATP2B1;ATP2B4;ATP2B2,-2.09122817996575
SERPING1,-2.092219612665429
NDUFC2,-2.0979129026107266
CACYBP,-2.0999305657814453
NAGA,-2.1136688683949707
UBE2V1;TMEM189-UBE2V1,-2.1142662435027813
SNRPF,-2.1149873697320736
CAPZA1;CAPZA2,-2.1195669964577135
RPLP2,-2.120066353956999
TNRC6B,-2.121289656816929
RPL37A;RPL37AP8,-2.128229077275711
LRBA;NBEA,-2.128545707525654
CTPS1,-2.129652429307135
S100A10,-2.130529598308609
PLEK,-2.1316180921050734
ARL6IP1,-2.1384537949659332
CSNK2B;CSNK2B-LY6G5B-1181;CSNK2B-LY6G5B--991,-2.1392218531201252
TUBB3;TUBB4A;TUBB;TUBB4B;TUBB2A;TUBB8;TUBB6;TUBB1,-2.142545947132096
SNRNP200,-2.1444114508495793
PZP,-2.1477399920239377
AP1S1,-2.1479405508782112
EDC4,-2.1507355885847614
GSTA1;GSTA5;GSTA2,-2.152619802943771
MRPL28,-2.1530304181748847
HBD,-2.1623453574530447
SLC22A9;SLC22A25,-2.1626902350778874
MST1;MST1L,-2.1657384299350624
RHOB,-2.1703851105325
LARP4,-2.171198563518039
ATXN10,-2.17128824478582
ARHGEF10L,-2.171299133684271
NIP7,-2.17701144508205
LMNA,-2.179321671501855
CMAS,-2.184421604695018
MAOB;MAOA,-2.1861575373699527
DPP8,-2.1916106839365472
ADH1A,-2.1977083973669087
PPP2R2A;PPP2R2C,-2.197967770041979
MT1H,-2.203227206733179
DCN,-2.209043152863604
CFI,-2.2294416868941713
NUDT21,-2.233779906856041
MT1X,-2.2351477428143083
PIK3AP1,-2.2370664452313958
PRG2,-2.246078058037959
SLC12A7,-2.2480099214172227
H6PD,-2.25459474770741
BRCC3,-2.258031727999138
SLC30A7,-2.2580402217298348
SRRM2,-2.2594296045249007
AK2,-2.2740682975287374
KRT2;KRT76,-2.2820050596845354
ACTB;ACTA2;ACTG2;ACTG1;ACTC1;ACTBL2,-2.28791504573606
PTDSS1,-2.2887447539004238
DDX19A;DDX19B,-2.296323556624077
RALY,-2.3004948113519763
PLG;PLGLA,-2.3007625277294124
GNAI2;GNAI3;GNAI1,-2.301237581247737
NSFL1C,-2.303551432563178
CSNK2B;CSNK2B-LY6G5B-1181;CSNK2B-LY6G5B--991;CSNK2B-LY6G5B-562,-2.30836555093303
COPE,-2.3093934800304186
LCLAT1,-2.314541660666778
NAA10;NAA11,-2.32251657813596
TXNDC17,-2.322814625655603
FBXL4,-2.3228581434297504
FEN1,-2.325680812789121
BNIP3L,-2.3302509881168274
LCP1;PLS3,-2.3438179882562538
RFK,-2.348453633461359
TUBA1B;TUBA1C;TUBA1A,-2.3529370729948536
RAB11A;RAB11B,-2.356684055805296
THNSL2,-2.357104656575864
ATP7B,-2.3595669660513043
RHOT2,-2.3639660650937144
FAM20B,-2.3673430187270603
HIST1H3A,-2.3677277257468328
ARSE,-2.368802329426789
TWF2,-2.3698942498426954
UGT2B10,-2.3717748487151233
RDH11;RDH12,-2.373429633791578
MRPS2,-2.37461368730884
SLC25A5;SLC25A4,-2.3756743697713922
RAB5B,-2.3766768069733017
CA1,-2.381759919820212
PPP2R1A;PPP2R1B,-2.384954336460862
PRPF31,-2.397014252481373
ALG5,-2.4033762306919773
FNTB,-2.4053082463155344
HKDC1;HK1,-2.406014729466766
PYCRL,-2.4111585856913442
DYNLL1;DYNLL2,-2.416076882916628
PPA2,-2.4178067350042283
RPL30,-2.41934138652596
XPO7;RANBP17,-2.4234547198431113
LIPA,-2.4248380856464125
LEMD2,-2.428681604511599
GNPDA1,-2.43659812286429
RAB5C,-2.436858975187773
ATOX1,-2.4377631792219288
TBRG4,-2.439860500213602
RPS26,-2.440328093371293
C11ORF98,-2.4428477688944756
PRPSAP2;PRPSAP1,-2.4456388216029907
GNL1,-2.4521171782468043
MTX1,-2.453672737812337
FXR1;FXR2,-2.4621458456964396
GSTA1,-2.462643741894362
RRAS,-2.465457420304993
NANS,-2.4676199799550296
CHMP6,-2.468303656312509
COX5A,-2.4686083135829047
CLIC2,-2.469428469526094
MYL12A;MYL12B,-2.471844385000521
CFL1;DSTN;CFL2,-2.4720230878352973
ACTC1;ACTA1,-2.4771060364803916
HIST1H1C,-2.47947090001584
TARDBP,-2.4858115581915876
ASF1A,-2.486105815525251
PPP1CB,-2.4910035961019394
RNF170,-2.4967632053494824
KDELR2;KDELR3,-2.4995868534061936
HSP90AB1;HSP90AB3P;HSP90AB4P;HSP90AA1,-2.5004848446683514
ENOSF1,-2.5017607105769533
BUB3,-2.509654158746033
SEC23A,-2.5119252006734003
GMFB,-2.522471789024176
ATP1B3,-2.527475150375559
HLCS,-2.5331405263436184
SDF2L1,-2.535106805063701
EPB41;EPB41L3,-2.538964223067928
HLA-B;HLA-C,-2.5390201762258338
GSTZ1,-2.541131044763412
ALDH1A1;ALDH1A2;ALDH2;ALDH1B1,-2.541790702361934
STXBP3,-2.548822797689671
CRELD1,-2.55463406351157
RAB2A,-2.5595012980888137
ARHGDIB,-2.5596342676441997
MSMO1,-2.561004309448377
POLDIP2,-2.5644544498523714
YIPF5,-2.5647452911033097
SLC16A1,-2.567288852616852
FIS1,-2.57082534516401
TPCN1,-2.57301297913167
CRYZ,-2.5743847682649537
COPZ1,-2.57547285709899
PSMB1,-2.5810244829137177
INSR,-2.581125056538578
SYNCRIP;HNRNPR,-2.5830146359926482
PLG;PLGLB1,-2.5915636331547223
TUBB4A;TUBB4B,-2.596756898723611
CYP11A1,-2.609918663291058
PRMT1;PRMT8,-2.613622267183678
SARS2,-2.6180151347008036
LEPRE1;P3H1,-2.6221359330137184
ADH1C,-2.622225743428666
TMEM82,-2.6252791064834207
C4BPA,-2.6271346017376898
NDUFAF5,-2.628794961262024
NRAS;HRAS;KRAS,-2.634054496527318
YBX3,-2.635452373896702
CCDC124,-2.635493280999876
CFH;CFHR3,-2.641434787702067
GPR89B;GPR89A,-2.6458078074277354
LGMN,-2.6496466299352277
EIF5,-2.6535348675508925
AACS,-2.6615764853274273
ABHD14B,-2.6621455873753153
DCAF8,-2.6632513740148154
MROH1,-2.670926395228173
STX7,-2.6729157433983732
HMGCS2;HMGCS1,-2.6770699962901268
IGF2BP3;IGF2BP1,-2.6873222484168475
EIF5A;EIF5A2;EIF5AL1,-2.692272159731952
DDX39B,-2.6939010195828157
LIAS,-2.7028237544927856
LBR,-2.7109508442928774
KRT2;KRT77;KRT1,-2.7131070396564665
KIAA1161,-2.713899117379886
FLNB;FLNC,-2.7144946908886074
SFXN3,-2.715509334337292
PPP1CA;PPP1CC;PPP1CB,-2.715647741912621
PPIA;PPIAL4C;PPIAL4E;PPIAL4A;PPIAL4D,-2.7161262006408307
SLC2A9,-2.7286142860335314
CYP4F3,-2.733822593205762
NEDD8,-2.736295344722083
HSD17B12,-2.7428717161452814
PCK2;PCK1,-2.746738267678365
KRT8;KRT6A;KRT6C;KRT1;KRT5,-2.747629195808415
COPG1,-2.7528581696438454
MRPS17;HCG_1984214,-2.755545572058867
UBA2,-2.756372855783813
SMYD5,-2.757425718281832
GMDS,-2.7576393090141593
PRKACA,-2.7590889095486966
GPERIK;GYPA,-2.760060628916885
RPS27,-2.76416522856467
EXOC4,-2.7645638850145593
ARF5,-2.7684888666904106
PTGR2,-2.772589435165875
GNB1;GNB2,-2.780114001384353
BABAM1,-2.783616718536192
ALCAM,-2.7863422480902624
NDUFS4,-2.788021649281744
UBAP2L,-2.790268343965871
CNBP,-2.791656715573316
KRT6A;KRT6C;KRT5,-2.7925706761050955
BET1;DKFZP781C0425,-2.794971638716099
GNAI1,-2.7951522045668615
ALDOA;ALDOC,-2.7959173488338593
GORASP2,-2.7962517384280003
NUDT1,-2.797937360958044
STT3B,-2.8052702947181443
SLC38A3,-2.819188176330992
SPATS2L,-2.821511357151639
PGK1;PGK2,-2.825815010583084
ATG9A,-2.83302854155793
SEH1L,-2.833251841451046
SNRPD1,-2.8350455220656614
TUBA1B;TUBA4A;TUBA1A;TUBA3E,-2.8382477334382488
SAT2,-2.840496265845691
FCGR3A,-2.844279887982332
HADH,-2.8464324706959525
MRPL30,-2.8488707876539583
CLPTM1,-2.851812890742084
POLR2L,-2.8525491201999653
ATP6V1F,-2.8558011509341905
FXYD1,-2.8615210412025522
SMS,-2.8638245578392993
HSP90AB1;HSP90AB2P,-2.8651771149114142
PHKG2,-2.8651799407276752
H1FX,-2.866455656831431
RHD,-2.8708130064623663
RPL36A;RPL36A-HNRNPH2;RPL36AL,-2.8738778663026316
TPM3;TPM4,-2.8763882982209448
CAPRIN1,-2.8814775900717735
APIP,-2.8819743546751604
MRPS18A,-2.885457729175617
KRT10;KRT13,-2.8883289873573283
KIAA0020,-2.8902273541562447
PCBP2;PCBP3;PCBP1,-2.892889526981236
CTSC,-2.8950318798776613
CLPTM1L,-2.8953094239528334
EIF4A3;EIF4A1;EIF4A2,-2.8960494949123863
TIPRL,-2.89670815240351
PPIL3,-2.8986253711498526
TIMM50,-2.90282103639217
ATP5J,-2.90565674451762
BTN2A1,-2.9067275354212905
UBE2N;UBE2NL,-2.908157142565426
RABGGTB,-2.9183580184276794
FAM160B1,-2.9258945368280314
UBE2H,-2.93139495023543
UBE2L3,-2.933831883602356
TUBA1B;TUBA4A;TUBA1A;TUBA3E;TUBA1C,-2.9497793910526915
PSMB3,-2.952753192756295
B3GAT3,-2.9529187671421657
NOMO1;NOMO2;NOMO3,-2.956809286464654
NRP1,-2.957641769887891
KRT9,-2.9624987857273166
SCO2,-2.9627827100546433
CHST13,-2.9639701404512233
HLA-A;HLA-C,-2.9647162634174093
ITPA,-2.965745923508092
FUCA1,-2.9671105286565327
RAB1A,-2.973110301951638
HBA1,-2.9746909434276647
GAR1,-2.981882204569554
LMF1,-2.983246566721879
HSPA8;HSPA2,-2.9843808256099233
MRPS18C,-2.985466213128042
ARPC5L,-2.986797547422403
ARHGAP1,-2.9898905739596833
GEMIN4,-3.0002095527645616
RPS27;RPS27L,-3.0020797413602933
USP13,-3.008206440708859
KRT13;KRT14;KRT15;KRT16;KRT17,-3.0083809187621067
PFKL;PFKP,-3.0154873782304246
UCHL5,-3.0169752762330737
ZER1,-3.017686994638413
MT2A,-3.0202876795981286
ABCD4,-3.0207556082161497
FAM162A,-3.023882816738402
IFT27,-3.023951541444272
G6PC,-3.0251560140074236
MT-ND5,-3.029099355329282
PDPR,-3.035500243942518
UBE2B,-3.0399711494604897
CRLF3,-3.0412637445674697
SLC22A7,-3.044298019958717
DSG2,-3.046337625295241
JMJD7,-3.0478858243044917
TUBB3;TUBB4A;TUBB;TUBB4B;TUBB2A;TUBB8;TUBB6,-3.05543233022062
PYGL;PYGB,-3.057654900438969
PABPC1;PABPC1L,-3.058078224965103
DDX50,-3.061815953001906
ARMT1,-3.064052821064241
ADHFE1,-3.0749329643345296
TGOLN2,-3.081017759567235
SERBP1,-3.0810366096319517
ALDH7A1,-3.0810777665958198
PPP2R1A,-3.088291794558461
EMC8,-3.1091689302079475
COPS2,-3.1126493358976215
HSDL2,-3.118781853536216
ECI2,-3.120136366497342
ABHD12,-3.1238742150767345
PSMA6,-3.1257441029002786
RPL36,-3.1318356797734217
TMEM9B,-3.1333840378818563
HLA-B;HLA-A,-3.148881834805247
SNX9,-3.149893929126694
RBM28,-3.1501741335315674
ST6GAL1,-3.1509891741355505
PRKAA1;PRKAA2,-3.1559526318855387
VPS35,-3.171245817882211
SRPK1;SRPK3;SRPK2,-3.171617845677221
HBE1,-3.173039999866036
FARP1,-3.174096292143141
TUBB1,-3.1741197825834933
AKR1C3,-3.182641694470798
SURF4,-3.19299885646549
ATP5D,-3.193836540494056
FKBP9,-3.1947932698961843
DEGS1,-3.1997718211270665
H2AFX;HIST1H2AA,-3.2088903159069657
SLC25A4;SLC25A6,-3.2093690999373927
KRT1,-3.209383208613655
UQCRFS1P1;UQCRFS1,-3.2166480346383697
OSBPL9,-3.2215156786952064
ANXA1,-3.2215313572087187
COX5B,-3.22207641705748
NT5DC1,-3.226746170250536
PRKACA;PRKACB;PRKACG,-3.2345360583282665
EIF4A1;EIF4A2,-3.2368270945827615
PSMB2,-3.2397761096309967
RAP2C;RAP2A;RAP2B,-3.2461802816920637
ILK,-3.2500311758848817
WDR91,-3.2551168418571548
NAT14,-3.255596250145633
TCEB2,-3.256196918258445
DPY19L1,-3.2597516674801645
LMBRD1,-3.263074592712343
ENOPH1,-3.2632495896013496
MT-CO2,-3.270309746508217
SERPINH1,-3.284353601913483
PSMA3,-3.2854730861388126
CFL2,-3.286828107923884
TMED1,-3.293902648141082
RPL27A,-3.2951976289760374
OCIAD2,-3.2954112760594616
BCAP29,-3.2978274718844016
PPP6C,-3.308849199616833
COA3,-3.3092058941619418
HNRNPA1;HNRNPA1L2,-3.3132022909971153
MAPK1IP1L,-3.3144118612746127
TAGLN2,-3.3157727042188947
FAM96A,-3.3170759173421343
HIST1H1D,-3.3204782887990394
TPMT,-3.32201760926586
GSTA1;GSTA2,-3.3228674289521507
XPO7,-3.323450432242701
EFTUD2,-3.336105275140145
GC,-3.336142161324995
DSTN,-3.3395200803794074
CLINT1,-3.348369833223593
PABPC1;PABPC4,-3.352231698825738
SLC12A4,-3.353285812385887
CSNK1G2;HCG_2004507;CSNK1G1;CSNK1G3,-3.3555058644824043
TOMM40,-3.355565166020303
SEC11A;SEC11B,-3.356226457849886
SCO1,-3.3698004711203717
TUBB2A,-3.3707397155723764
MED17,-3.372533861555869
CSRP1,-3.3726096417461626
HIST1H1E;HIST1H1T;HIST1H1A;HIST1H1D;HIST1H1C,-3.3771067784970734
POTEJ;ACTB;POTEE;POTEI;POTEKP;ACTG1;POTEF;ACTC1;ACTA1,-3.378267783181329
RAB7A,-3.3855002503901015
RBBP9,-3.3856332562840117
NIT1,-3.387492272188018
MRPL50,-3.387615462262723
LXN,-3.395352678542438
IPO11,-3.395434065296905
DARS,-3.397515408020455
MRPS26,-3.398288095851907
CYBA,-3.400434885544893
KRT10,-3.4011039691563467
ADD1,-3.4120614975047543
SEL1L,-3.412395161210037
EEF1A1;EEF1A2,-3.4145960130590556
COX7A2L,-3.4179395587107892
PNP,-3.4211597899300523
GSDMD,-3.4226274714333056
MAN2C1,-3.4250514185115803
DDT;DDTL,-3.4275695097173458
NAT8,-3.429029152188919
TMED7-TICAM2;TMED7,-3.43483744508831
SLC25A6,-3.4372381548310265
MIOS,-3.4472553252106204
ACAD11,-3.4515178347785653
DDX3X,-3.460099536688131
COX15,-3.461618881990861
H2AFX;HIST1H2AA;HIST2H2AB,-3.466834898413707
SNX4,-3.4670023243000867
NDUFB5,-3.4676587867792525
SEC22B,-3.4689370071127494
SLC2A3,-3.4711857387903464
DHX30,-3.4751146158001833
CPD,-3.4788103890907864
POLR2I,-3.482566888783651
COLGALT1,-3.4966825761432414
MT1G,-3.499048344096113
MYL6;MYL6B,-3.500222233451018
STIM1,-3.501489406297911
GADD45GIP1,-3.504923477326444
ARMCX3,-3.5082454530966185
TALDO1,-3.5148810645135056
WDR77,-3.520177877100136
CALM2;CALM1,-3.5203609137229535
PIGT,-3.5203859093290713
PSMB5,-3.5209056290935292
COPS6,-3.5222105965160493
RPS4Y1,-3.522562787011285
RPS10,-3.5275853115458116
DPM1,-3.5281850320919617
HDHD1,-3.530010453572216
CTTN,-3.531946452616724
GOSR2,-3.533029015289776
SQLE,-3.533547055239029
TMPPE,-3.5400095616334784
FCER1G,-3.541925295746361
RAB3IL1,-3.5427203498571815
PSMA5,-3.546320168887852
TXNRD1,-3.553691288725329
SHMT2,-3.561345897913587
MRPL27,-3.5655679728511838
TP53RK,-3.565586357440237
ITGB1,-3.569131653805161
SFXN4,-3.5696780065346085
FARSB,-3.571475072140728
SAR1B;DKFZP434B2017,-3.5773552039527377
MAPRE2;MAPRE3,-3.5807511439127713
SLC40A1,-3.5815787464075335
RRAS2,-3.5817318339271247
MTPN,-3.5825132234373194
FAM98A,-3.589355130512168
SET;SETSIP,-3.597908829359836
EXOSC6,-3.601888028224355
NDUFS6,-3.607050441863199
MRPL32,-3.61059824115597
RPS12,-3.6123617444156624
DPYSL2,-3.6126912904071995
MTDH,-3.615340101927247
SRP54,-3.617399332772982
PPIL1,-3.621600138611798
TMX4,-3.6224409622755527
SRP9,-3.6246228976399975
MRPL1,-3.625937724162175
FAHD2A,-3.6269277126669985
AGO1;AGO3,-3.6337196811392842
FXN,-3.642771544263582
TUBA1C,-3.644064137662663
ENO2,-3.648200227411041
NAALADL2,-3.6529045254049866
DBT,-3.6554505450834376
GNAI2;GNAO1;GNAI1,-3.6580787938164625
NDUFS2,-3.658349117480222
PPP2R4,-3.667525763000814
TRMT1L,-3.6695441726613685
ATP1A1;ATP1A3;ATP1A2;ATP1A4;ATP12A,-3.671332684830353
TRIP12,-3.671931363998972
RPE,-3.6721542529743894
GSTM1,-3.675737874330695
UBE2O,-3.6849520464190797
P4HA2,-3.6868155317778606
CAPN1,-3.6883731793843975
IDI1,-3.688979396021405
NCKAP1,-3.689280630389234
RPL37A,-3.6896115431232444
EEF2K,-3.6928723756375015
ARF6,-3.6944022741953484
BHMT;BHMT2,-3.6955046564108383
NEU1,-3.698327434335482
FABP1,-3.700912482466476
UGT2B4;UGT2A1;UGT2A3,-3.701086466023038
KRT16,-3.702645730400321
HSP90AB1;HSP90AB3P;HSP90AB4P;HSP90AA1;HSP90AA5P,-3.7032545352414106
JUP,-3.7041109588170573
MRPS25,-3.7052873632118657
AGMO,-3.7066829836941286
MDN1,-3.7070592672448446
DBH,-3.7083466359688386
TXN,-3.718988077721742
RPS27A,-3.7207357637413883
MPDU1,-3.720924192748403
INPP1,-3.7212974370477365
PIGQ,-3.721439588005635
USMG5,-3.7218333475866
TTR,-3.737496660267181
MRPS21,-3.737782888529877
ABCC2,-3.7404150516176498
EXOSC5,-3.74419571764717
SERPINB9,-3.747685409097762
CBR4,-3.748318875909922
DDX18,-3.749499933307241
NOMO1;NOMO3;NOMO2,-3.762625820991547
AGXT,-3.7685356835126
NDUFB8,-3.770169467014559
ESD,-3.775521716488314
TRIM25,-3.788561542437433
RPL26,-3.7921735186124335
FBXW2,-3.7944042660265236
GSTM2;GSTM1;GSTM4,-3.797211701528536
SIGLEC9,-3.799429181724721
MAN1A1,-3.801916049147495
GAA,-3.8060204393351937
PEX11B,-3.807857512073437
PACSIN3,-3.8164318956527197
TXNDC12,-3.8166712439117543
G6PC3,-3.8190809261250314
SLK,-3.8192471172860833
GART,-3.8199989734375706
TIMM23,-3.8202881134100575
ZC3HAV1,-3.8218618026282685
RPS20,-3.8235846942385434
RPF2,-3.8248917917335734
GGCX,-3.826221488909628
CKM,-3.828194310234962
METTL7A,-3.8285141793501296
AKR1C1,-3.8405585793679546
MYBBP1A,-3.8410619324050352
ATP6V1H,-3.844187764252904
GPS1,-3.8444464329627692
HSD17B8,-3.846758407935337
UCHL1,-3.8505848837847068
ATG4B,-3.8593833741191492
HNRNPH1;HNRNPH2,-3.8608265734073024
BACH2,-3.866131570032509
HINT2,-3.8686185555580943
AGK,-3.86882732102004
EIF4A3,-3.8698355236441695
NAPA;NAPB,-3.8732687158763928
SGPL1,-3.8826564824072505
UNC93B1,-3.8840431381293032
ARG1,-3.884294749632764
VAMP8,-3.88704160191584
COG7,-3.894751437109703
SLC25A5,-3.895723105173131
CLTB,-3.8999264447218445
SUPT16H,-3.904258890751128
HMOX2,-3.907505651958167
ALDOC,-3.9147624398566645
SDF2,-3.9190826509672396
BSG,-3.9200815316730653
MB,-3.921477386434586
RECQL,-3.9264181427336697
GPX1,-3.9343639524153824
STAT1,-3.9355925968253374
ATP2A2;ATP2A1,-3.9375515747528365
NAPG,-3.9415554963351087
GSTP1,-3.9426638604664785
PABPC4;PABPC4L,-3.9481271684762245
MRPL18,-3.9483070424931004
RAB14,-3.9505817801092022
AGTRAP,-3.9534032532700314
TBL2,-3.954577589581246
ATP11A,-3.964792647346496
BMP2K,-3.9651371553857224
GNAI2;GNAO1;GNAI3;GNAI1,-3.965990137326945
PRDX3,-3.973118419679331
NDUFS8,-3.9745248981597383
TEX10,-3.9773385035939155
PPP6R1,-3.981744846905576
CCAR2,-3.9823999898901583
ACTBL2,-3.983237825208172
GMPR,-3.985674081822796
SLC27A3,-3.992499741338857
RPS3A,-3.994139987982169
ATP6V1B2;ATP6V1B1,-4.000991562720813
SRSF3,-4.0013371951406445
ERO1L,-4.005001453120803
RPL10;RPL10L,-4.00618774494568
ITGA4,-4.006758333733453
SRPRB,-4.006995028415547
PTCD3,-4.01096261659805
MST1,-4.012455201671438
ATP6V1E1,-4.012829097977004
CBS,-4.018107515285497
ITPR2,-4.020038272580255
GAMT,-4.022538619808307
TUBA1B;TUBA1C;TUBA1A;TUBA4A;TUBA3E,-4.022797428411399
HDGF,-4.024502359935403
FBL,-4.026114047649528
NCLN,-4.030813796953534
ITGA1,-4.0311469409108645
KEAP1,-4.033046773543611
PTGES3,-4.034010935566581
ATP13A1,-4.03581239791631
RPL13A;RPL13A,-4.038642692945412
GCLM,-4.040874898958766
BCCIP,-4.041336069589682
PSMA7;PSMA8,-4.04355519516901
PNKD,-4.044028097258444
SND1,-4.045394043546178
POFUT1,-4.04972380888884
C16ORF58,-4.050048734618365
VAMP3;VAMP2,-4.050831930485192
MGAT1,-4.055350477359547
RPL7,-4.05565028952649
MTFP1,-4.059272275975974
RPL3;RPL3L,-4.062907658841939
AP3D1,-4.062965054563703
USO1,-4.063332298347657
C21ORF33,-4.066689491120483
KHSRP,-4.067542827088211
ACTR1A,-4.073414590077635
CYP3A7;CYP3A4;CYP3A5,-4.0797216909867355
NDUFA13,-4.0810022476197005
RPL10,-4.082803339405569
DPYD,-4.085708617991106
COX6A1,-4.089453727757672
PNPLA6,-4.092045159568501
SIRT3,-4.09349113299611
CAP1,-4.094243642453916
IGF2R,-4.100427662527943
CYP11B1,-4.1007069440320265
SNX6,-4.105197701774032
RPL34,-4.106107908524835
SSR4,-4.107970742473501
PDCD4,-4.122552808793483
STAB1,-4.123588263948313
NME1-NME2;NME2;NME1;NME2P1,-4.126569749813752
TWF1,-4.134780455300366
BLVRB,-4.135562172853028
RPL27,-4.14480460515148
AGPAT3,-4.145012431010404
ANPEP,-4.151152873898633
AKR1A1,-4.152965791608792
MRPS24,-4.154959019284999
STON2,-4.166830919924927
PSMD8,-4.1701251545422515
HMGB1,-4.172802910277893
NUTF2,-4.174581049877442
SNAP23,-4.177663656780176
EIF4A1,-4.185761253382155
NSF,-4.191762754165151
PANK4,-4.195025683640741
CRYM,-4.200514925254233
SEPT2,-4.203314870214491
GNAQ,-4.203930346001913
GALK1,-4.204666561151968
RPS8,-4.221974933710756
RUVBL1,-4.224217401115245
SSR1,-4.231144738435158
ILVBL,-4.233044231485308
EEF1D,-4.234508491267131
CAPZA2,-4.2406782493433495
EZR,-4.240754059616547
FNDC3A,-4.242251525030757
PEBP1,-4.242886251500878
GAK,-4.2448386216860685
CLN6,-4.248444132664433
HNRNPK,-4.2521264820113895
HIGD2A,-4.2568051021345035
OCIAD1,-4.258488788371443
PYCR2,-4.261342636060347
KRT8;KRT7;KRT74;KRT71;KRT84;KRT6A;KRT6C;KRT2;KRT76;KRT77;KRT5;KRT72,-4.261474386981782
RPL9,-4.271945898388311
SRP72,-4.273904653941752
ADH1B;ADH1C;ADH1A,-4.274637640047376
BRK1,-4.2755211414254894
HS2ST1,-4.276876336857912
HIST1H1E;HIST1H1D;HIST1H1C,-4.282157875916614
FAU,-4.282906730358697
ALDH8A1,-4.283363332174989
FTL,-4.28925720226179
SMARCA5,-4.289317425821199
EIF3E,-4.28958933261862
NOP56,-4.2916022395075775
SHMT1,-4.293386212010916
MRPL43,-4.2970423611787
CYP4F3;CYP4F11;CYP4F12,-4.298481964837367
SLC9A9,-4.298754577107229
PPP1R7,-4.300393617840941
XRN2,-4.3012442816478496
NT5DC3,-4.301868483496661
MGST2,-4.302307469545015
DDX21,-4.303657296920777
CCS,-4.313506864276436
RDX;EZR,-4.3173534954444435
FLOT1,-4.32420253136426
TMEM33,-4.327418331529228
PRDX6,-4.3303349498783055
APOA1BP,-4.3403312578473665
C1QB,-4.340725675325381
ABCA8,-4.346768979339267
GSTO1,-4.348560738875768
MRPL41,-4.3506141843545185
SF3B5,-4.35264845694837
DNAJC9,-4.354123384409695
FGGY,-4.355522952025317
EIF2S3,-4.356610431014226
RBBP4;RBBP7,-4.366110970803056
TUBB;TUBB4B;TUBB2A,-4.379703567528493
FGB,-4.384877968114272
PDHA2,-4.387900857853836
APEH,-4.3896882541166
HLA-B;HLA-G;HLA-G2.2;HLA-E;HLA-A,-4.391801235699368
DDAH1,-4.397911603372737
USP5,-4.4022827863280165
HIST1H2AJ;HIST1H2AH;H2AFJ;HIST1H2AD;HIST1H2AG;HIST1H2AC;HIST3H2A;HIST1H2AB;H2AFV;H2AFZ;H2AFX;HIST1H2AA;HIST2H2AC;HIST2H2AA3,-4.4025083851794236
HIST1H1E;HIST1H1D,-4.41048243527383
LDLR,-4.414731907602751
ASCC3,-4.414774815207487
RPS23,-4.419735760872031
RANGAP1,-4.422377822209828
OTUB1,-4.437049964074043
SNX5,-4.437168406443689
KHDRBS1,-4.4383944877040635
ASNA1,-4.439677168180842
HGD,-4.442383055172555
SLC2A4,-4.451443195782619
EPN1,-4.454097704451778
AK4,-4.458948339555381
MRPS11,-4.461539838377228
MGAT2,-4.462822051795831
RPL23A,-4.462916606130169
PTPRC,-4.466943559167672
SLCO1B1,-4.46939999644478
PGM3,-4.47056633776326
LRPAP1,-4.474811803826524
RBBP7,-4.4750904329405845
SEC16A,-4.481982714638214
SPNS1,-4.484575000496645
F10,-4.486385812761432
RAP2C,-4.492296970334359
MVK,-4.493524247950938
ABCA6,-4.4973717211922475
PGLYRP2,-4.498746652399653
CSDE1,-4.50028486745316
RPL39P5;RPL39,-4.502400127691731
FADS2,-4.50937232074517
AP2M1,-4.512404180578921
SQSTM1,-4.516110974698217
AKR1C3;AKR1C2;AKR1C1;AKR1C4,-4.525215693870587
SDHC,-4.526475777392161
CYP11B1;CYP11B2,-4.5274813598671875
AGT,-4.52912852151249
CYP27A1,-4.530116453571347
ACTB;ACTG1,-4.530616600848731
MGST3,-4.531655626169005
HMGCR,-4.535640023487652
DDX17,-4.537233742744054
TFG,-4.541862992638761
NAA15;NAA16,-4.544759508703875
MRPL3,-4.550892849004789
UQCRB,-4.5541945276822355
HNRNPF,-4.5584435246700865
PPAT,-4.559939734835669
ACAD9,-4.563926304785446
RPS13,-4.56751777830568
FLNB;FLNA,-4.569988786322824
CYB5A,-4.577765510716787
ATP1A1;ATP1A3;ATP1A2;ATP1A4,-4.579912227540501
CTSB,-4.587402630472891
SEC13,-4.598857212216655
APOA2,-4.598918787551972
HIBADH,-4.600524689260582
TCEB1,-4.602148084510341
FUK,-4.6030274902111294
LACTB,-4.603138952491311
ANXA5,-4.604205710122779
OGFR,-4.607114528253593
MYO1C,-4.608391847520994
SYNCRIP,-4.615459011783975
AKR7A2,-4.6161808326014135
NHP2,-4.621627023047623
RMND1,-4.621715120229996
RPL18,-4.622054614786752
PECR,-4.623827771373432
EEF1G,-4.6251053041133785
RPS10;RPS10-NUDT3,-4.628918349115363
HSP90AB2P,-4.62957986926459
RPS7,-4.630776176046566
CDC23,-4.633947800732685
AP2A1,-4.637124532156277
TUBG1;TUBG2,-4.639238186578096
HBM,-4.63965810644877
ACAT1,-4.640810792591598
PFN1,-4.646399624452395
SLC25A20,-4.646620919672484
TMPO,-4.65345859559075
HNRNPC,-4.657301093382228
ABCB6,-4.658175536675826
PDIA5,-4.65909406348559
MRPL4,-4.667443147027485
PEX6,-4.669212534488772
CLNS1A,-4.671231656172095
SRPK1,-4.6727094740742725
C8B,-4.6739599612135105
GSTM4,-4.68093148711859
RPL19,-4.6836407502030335
TUBB,-4.689397105914444
RUVBL2,-4.690492026559131
HBD;HBB,-4.690714948982623
MSRA,-4.691249395715515
SKIV2L,-4.693793967211089
IKBIP,-4.702387335608918
MARCH5,-4.704039452912795
TMTC3,-4.70455340418937
CISD2,-4.7061926914803065
UAP1,-4.706203007876521
LGALS1,-4.711061072671259
MCM4,-4.714325056782064
BTF3L4,-4.715358558707026
WDR26,-4.715782947280667
ACOT2;ACOT1,-4.715968851123635
COPA,-4.716788827464702
CLPP,-4.726289275773806
KTN1,-4.728757071577345
DPP3,-4.7309062954039245
PSMA7,-4.732749462327765
NIT2,-4.735942302232479
TPM3;TPM1;TPM4;TPM2;TPM2B,-4.737765474953772
RPS17,-4.738150942902416
L2HGDH,-4.741906551140624
BHMT,-4.743722088669472
ATG7,-4.747677018454565
KIF5B,-4.7490202540526605
CKAP4,-4.759258811344447
YWHAH,-4.759953031310418
IARS,-4.767240205474662
DNAJC10,-4.782805838275334
APMAP,-4.794605484464762
ABCB11,-4.796316890285602
PTPN1,-4.796592955203849
PRPSAP2,-4.799269265445744
PIGK,-4.802500914757437
ADK,-4.80306206986761
DRG2,-4.811571294304801
RANBP1,-4.812804823288874
AMPD2,-4.816553310384502
PMPCA,-4.820346525971388
TUBA1B;TUBA1C;TUBA1A;TUBA3E,-4.820513163507618
RTN4,-4.8247173703820465
RPLP0,-4.827231129577952
UPF1,-4.829673024240705
ABCD3,-4.834082766396361
TP53I11,-4.837846451320689
KNG1,-4.837870316818716
PDHB,-4.840754236321755
UGGT1,-4.841255478787132
RPS25,-4.84610713628464
ANXA2,-4.849007159453276
C6ORF120,-4.860287734512483
DCK,-4.8609076703992775
MT-CO1,-4.862319553203633
RNF14,-4.8637882434103314
EIF2B3,-4.864941974025716
COQ9,-4.866650254893582
TECR,-4.866672059967979
VARS,-4.8724275797675185
HDAC6,-4.875234298968951
HNRNPA3,-4.875991014305927
CTNND1,-4.876161877513787
MVD,-4.879143807680841
EIF4A2,-4.881547475347283
TSN,-4.88975364870533
HNRNPD,-4.8906877674276386
GNB4,-4.896066289125283
USP15,-4.898454029921786
SUCLG1,-4.898471102980314
TRIQK,-4.900928210048834
RSL1D1,-4.904485627015795
ADPRHL2,-4.912317475580278
PEG10,-4.914131493842337
ADH1B;ADH1A,-4.919647068023963
TNS1,-4.936002401835435
HMGCL,-4.938384929245553
AARS,-4.948827871462657
CAD,-4.950996822508006
ACTB;ACTA2;ACTG2;ACTG1;ACTC1;ACTA1;ACTBL2,-4.952144437452266
ACTB,-4.952177104811569
ACOX1,-4.953447505594113
CDK5RAP3,-4.969832243141324
PGAM1,-4.97353993920498
TM7SF2,-4.976270707187229
GYG1,-4.977755752639985
ISYNA1,-4.98625926911079
PGAM1;PGAM2,-4.9867894333268605
ENTPD5,-4.9874573196553715
AKR1C3;AKR1C2;AKR1C1,-4.997828561095691
DKC1,-5.000552647575802
EXOSC9,-5.002404588096344
F2,-5.003970575930146
SPTBN1,-5.0081465844538915
DHCR24,-5.013666726424511
ETFA,-5.020021312590031
RHOA,-5.020773600239691
RPS10;RPS10P5,-5.026611042752653
C11ORF54,-5.029069838642961
PRDX2;PRDX1,-5.037943594261777
STXBP2,-5.039051847089193
DLD,-5.043492924184264
CFH,-5.047851118403356
SNTB1,-5.049259056501807
RPL10A,-5.052313584775886
GSPT1,-5.055534418993569
PDGFRB,-5.057481904117777
CLTC;CLTCL1,-5.060755844633829
RPS15A,-5.062702799278557
NDUFS3,-5.064597180311575
SRM,-5.075690920087749
HINT1,-5.089063831056776
GLDC,-5.094224487947329
TLDC1,-5.094484026151878
ABCC3,-5.095401205020686
PIGS,-5.0979184806611055
SFXN1;SFXN3,-5.100299322966163
ERAP1,-5.102543427612362
ZCCHC3,-5.104408777762608
HSPBP1,-5.111233489832262
PEX19,-5.115949315934866
AFMID,-5.11974979383635
ETFDH,-5.123005740761683
CFB,-5.12302059782646
ANXA6,-5.128039341277018
TYMS,-5.136833373348666
RPS5,-5.1376937494186885
UQCRC2,-5.138640851853578
F13A1,-5.143610937648111
SERPINF2,-5.145732332586493
TSNAX,-5.160410882994693
ESYT1,-5.161360683094178
SCD,-5.168319619014362
WARS,-5.170519742211107
CERS2,-5.179557611528176
HMBS,-5.185028463073247
DBN1,-5.187327960605783
FDFT1,-5.188820539337524
ADH1C;ADH1A,-5.192174064929871
SEC23IP,-5.195470948223078
CNP,-5.196235805019864
HBQ1,-5.198089330365455
SAMHD1,-5.1996849157251015
ANKRD13A,-5.200435405894887
SLC29A1,-5.208320262183832
EIF2S1,-5.209799351083412
DHX36,-5.211557417918627
COL12A1,-5.2130952018084775
GOT2,-5.214345559620152
PNMA3,-5.2152124171555965
HADHB,-5.218580599890441
SLC25A13;SLC25A12,-5.224724795465075
TMEM256,-5.226201898474205
OSTC,-5.232173864764715
MCM3,-5.2329684987447305
OSGEP,-5.2353503488822275
PRPSAP1,-5.235631297590632
DHX15,-5.2358898873626085
AHCY,-5.235985915318555
CYB5R1,-5.236241476279429
NSUN2,-5.236404585837422
PDIA6,-5.2431913969880934
MRPL15,-5.246552136610569
MEST,-5.250840759717059
SLC25A5;SLC25A6,-5.25129637064197
SULT1A1;SULT1A2,-5.2525231249134725
SERPINA7,-5.260760906470476
CORO1A,-5.265590344229276
DDAH2,-5.266520973007091
NDUFA5,-5.268716453740029
SUMF2,-5.2695514186281915
NME1,-5.28015081288249
YWHAB;YWHAZ,-5.282402138248535
MRPS10,-5.291318461907976
LRRFIP1,-5.305615641528721
AHSG,-5.3081558715484585
RPS10;RPS10-NUDT3;RPS10P5,-5.314520943268612
USP11,-5.315157886350017
NME1-NME2;NME2,-5.325625042198179
RER1,-5.325888768518518
TCP1,-5.32937653893218
IGF2BP1,-5.332337321002536
HSP90AB1;HSP90AA1;HSP90AA2P;HSP90AB2P,-5.341508913336167
VIL1,-5.342970859960625
EIF4G1,-5.3468082261568055
POLQ,-5.3518877818062345
PCBP2,-5.35316111105136
RPL17;RPL17-C18ORF32,-5.353837922856253
PGAM1;PGAM4,-5.355090886708788
PDXK,-5.355182668280714
PLOD1,-5.362972361005833
TMEM30A,-5.363874264081251
PRPS1;PRPS2,-5.365915721220334
TTC38,-5.368572574730288
GCDH,-5.3725166516115985
TBC1D13,-5.373417200249902
CD163,-5.376832625840208
CCT6A,-5.378053146304763
TMED10,-5.378444094395886
MRI1,-5.385790197970942
SUPT5H,-5.389700490271488
SCCPDH,-5.391019378579916
MYO1B,-5.391855764799175
IQGAP1,-5.393644552580704
TUBB3;TUBB4A;TUBB4B,-5.3940926663799065
HEXIM1,-5.408009621923652
YWHAQ,-5.408393866585038
BRIX1,-5.411461067127006
HGFAC,-5.411764679359597
PPP2R2A;PPP2R2B,-5.4123147430388165
COMT,-5.412958720458091
MLEC,-5.413466628597911
WDR1,-5.417021741953482
ELP2,-5.421347892040908
RNPEP,-5.423153838734135
MAOA,-5.4305402198369
GTPBP1,-5.4327841253953135
IYD,-5.439228349382269
USP10,-5.441278842315094
IGF2BP3;IGF2BP2;IGF2BP1,-5.444158539101641
SULT1A2,-5.447256051339509
GNAS,-5.450776748592125
PGAM5,-5.464808340873088
PLOD3,-5.471081842112338
MRPS9,-5.475021655761942
RNH1,-5.481775567197327
EIF3C;EIF3CL,-5.487018768937055
NDUFV1,-5.487105337926387
TMEM55B,-5.490404454776317
TYMP,-5.49134475582793
FMO1,-5.499574163840456
RDH11,-5.5005418449804795
C7ORF50,-5.505016106424155
SCAMP1,-5.505821244210124
BLVRA,-5.506018990200014
MPI,-5.508257421088708
ARF1;ARF3,-5.51309703479733
MPST,-5.514122384525927
SDHB,-5.514857482454041
PAFAH1B3,-5.525392236300076
CTNNA2,-5.527388094647899
SPTBN1;SPTBN2,-5.5353351956358186
PSME4,-5.542822614858471
MIA2;CTAGE1,-5.543560508625784
GNA13,-5.544842959549542
RPS28,-5.5467413247046125
CANX,-5.54704320866643
APOC3,-5.551059055016001
SULT2A1,-5.552245660480577
YBX3;YBX2;YBX1,-5.55735653547552
TXLNA,-5.55775302863161
TM9SF3,-5.559709567542243
VKORC1,-5.568459954196363
EPRS,-5.568493046906369
DDX5,-5.572291899063258
RPL14,-5.575259568015454
QDPR,-5.582328392882792
RPN2,-5.582758946260687
GATSL2,-5.588313244117566
PLXNB1,-5.588798920987639
SLC43A1,-5.593651529929872
SEP15,-5.59613540215277
EEF1B2,-5.600016186367029
FBXO7,-5.601339053519178
ABCF1,-5.61816357460785
PSMB6,-5.623442936121144
CPT1A;CPT1B,-5.627065847574896
SLC25A18,-5.629640716885149
POLR2E,-5.632501672664529
LDHB,-5.634842261280463
MRPL46,-5.63626383693122
GPI,-5.636479599670334
CLUH,-5.640410573766589
HP1BP3,-5.6405415556673555
EML2,-5.641623493469679
COL18A1,-5.641872291537732
CYBB,-5.644149884634364
MATR3,-5.644281786790491
ATAD1,-5.653224285796124
STAU1,-5.656726680676416
HSP90AB1;HSP90AB3P;HSP90AB4P;HSP90AA1;HSP90AB2P,-5.661800124765497
UROS,-5.662188660325766
EIF3D,-5.67371021367792
ATP6V1C1,-5.675213307587267
AGPAT5,-5.6811986798351946
TNPO1,-5.683194980790614
SLC1A4,-5.6875020588746725
CHMP4B,-5.694116300804817
APOE,-5.694793685589321
MRPL19,-5.698042372916077
KPNB1,-5.700133248467442
RPL26;RPL26L1,-5.700566403120779
MCM2,-5.700616895148999
TMEM14C,-5.703434094486563
LARP1,-5.708481611016972
TOP2B,-5.709398342645917
PMPCB,-5.715709865931735
ALDH6A1,-5.720213525911354
C1QC,-5.723682970391647
RAD23B,-5.736499957418457
PCYT2,-5.742020115871655
CAT,-5.752691074034955
LUC7L2,-5.754902852165053
ADH1C;ADH6,-5.7558381420857945
STAU2,-5.7573076910937475
SMEK1,-5.7626530655148835
F12,-5.766051223297942
RPL18A,-5.766208690995144
NME1-NME2;NME2;NME2P1,-5.775559046093341
TMEM143,-5.77721681878189
APRT,-5.780324028941238
GMPS,-5.783861385541247
PRKDC,-5.784061391401849
SLC25A15,-5.789557901981799
RPS2,-5.792798042774341
ERGIC1,-5.800277513796013
SACM1L,-5.8028490314565575
ALDH3A2;ALDH3B2;ALDH3A1;ALDH3B1,-5.804512556325928
TACO1,-5.808475583560538
NAPRT,-5.8124034685587125
HSP90AB1;HSP90AA1;HSP90AA2P,-5.815395446516245
ABHD10,-5.817848737421595
HIBCH,-5.821035800241781
MRPL45,-5.834468561691017
L3HYPDH,-5.838119967091572
YWHAB,-5.842558210782557
SPCS2,-5.845288331013717
ALB,-5.852985644053639
MGST1,-5.854067182764183
PSMC2,-5.854982806695532
CYP4A11;CYP4A22,-5.85925637514479
CA3,-5.860747419006511
RPS19,-5.864186185954515
GSTT1,-5.867870343945904
ARPC4-TTLL3;ARPC4,-5.871872062238567
FAF1,-5.881107959769287
EPB41L2,-5.884897458098447
GDI2,-5.890127828694463
STOML2,-5.89357122820111
COPB2,-5.894165151128455
TPI1,-5.903663440756508
ACADVL,-5.906628584667729
ARPC5,-5.91948467838745
NAGK,-5.930276724009247
ACADS,-5.955384228173303
PSME2,-5.960623516039813
PUS7,-5.962035194338521
HRG,-5.963545363805407
KARS,-5.963736211638876
PSMC5,-5.969075759615704
OTC,-5.971772853905688
MRPL22,-5.972341164722406
SRSF1,-5.974805873737188
GNB1,-5.978026999382747
RTCB,-5.981331200441445
ANXA2;ANXA2P2,-5.988917275819699
COTL1,-5.998783820306671
HPRT1,-6.001921997041485
HSP90B1;HSP90B2P,-6.003627534439758
GOLT1B,-6.004207373790712
SRSF2,-6.004679137178915
PCCA,-6.010529401719269
ABAT,-6.013386364943307
PAH,-6.020415085740147
HBB,-6.021427520439485
ACADM,-6.026064150081935
HSPA1B;HSPA1A;HSPA8;HSPA2;HSPA6;HSPA7,-6.027874659891933
METTL7B,-6.029356983397233
NDUFS1,-6.031800883318713
HBA2;HBA1,-6.036852448233668
TUBB4A;TUBB8;TUBB4B,-6.036910308646922
EHHADH,-6.037530325923262
PRSS3P2;PRSS1;PRSS2,-6.053424029538708
TMED2,-6.053731851091922
MOV10,-6.056088033063998
NDUFB10,-6.062075375615441
A1CF,-6.0652738994740325
COPS8,-6.066001581938161
HDHD2,-6.077199276643089
PPP2CA;PPP2CB,-6.092059616261985
IPO5,-6.092956093475693
STEAP3,-6.09694095165943
XPO1,-6.097234461312444
RAP1B,-6.0991805161370545
MYH9;MYH10,-6.106649101701171
F7,-6.131656190109481
CFL1;CFL2,-6.13671394869615
CAND1,-6.150130190247654
RPS24,-6.155583705327084
RPL3,-6.158756897930716
PDHA1;PDHA2,-6.160883087077891
ACAT2,-6.161496422662614
ENO1,-6.164408311671601
ADSL,-6.16779474160006
PLG,-6.169601836072836
FTCD,-6.188897107340286
DDX24,-6.192779614266087
PHYHD1,-6.1965835202847215
ACTR3,-6.197237227975518
ITIH1,-6.199341594049809
PGP,-6.207551071792412
HSPA8,-6.211148455541221
ACTR2,-6.211943680321342
LRRC47,-6.216034693736631
SLC26A1,-6.216036023412404
GBAS,-6.218931286377357
OGDH,-6.232261310579019
HSPA9,-6.23480275755714
GNB2,-6.236067168911384
RPS11,-6.2362359055639764
TMCC2,-6.23933135278742
BDH1,-6.239502017597327
GTPBP4,-6.244248336499468
ALDH16A1,-6.245107130594459
PSMA1,-6.246239549592147
CCT3,-6.246371733857132
CMPK1,-6.251117661972698
SLC25A13,-6.257547843691661
RPS9,-6.2750576505633795
HSPA4,-6.2756259094462035
ARCN1,-6.277018868195162
ALAD,-6.281585156025717
BCAP31,-6.281688773226373
TUBA1B;TUBA1C;TUBA1A;TUBA4A,-6.289799516823573
ABCB10,-6.290094705783545
RPS3,-6.292719401783449
FECH,-6.2958134672982355
STRAP,-6.301506804867527
EIF4G1;EIF4G3,-6.302096032770267
EEFSEC,-6.303074446846312
PPM1A,-6.306974032538266
NAPA,-6.307194387383413
UGT2B10;UGT2B11;UGT2B28,-6.309922583943552
TPT1;TPT1P8,-6.310545458600227
SLC25A10,-6.319697253327341
PSMD5,-6.321217156322277
TFRC,-6.326610108646983
HDLBP,-6.328283855723572
ATP2B4,-6.331721498759398
OXCT1,-6.337025620182496
AP2B1,-6.341262885380929
ETFB,-6.34751550512091
CYC1,-6.348267250926269
PPP4R1,-6.353257295255087
RPL4,-6.357995130261613
HIST1H1B,-6.367654365729624
HADHA,-6.368529089647595
RPL32,-6.370310175695353
ALDH1L1,-6.370823848291528
EEF1A1;EEF1A1P5;EEF1A2,-6.377565983905791
EIF2D,-6.3818724099925115
COX20,-6.39068397509312
HNRNPUL2;HNRNPUL2-BSCL2,-6.390968667556483
ATP1B1,-6.394599009390478
HSPH1,-6.397695406172838
SFXN1,-6.405427695429656
DCAF11,-6.409287374858949
ALDH9A1,-6.412020170062775
PTRH2,-6.415328346238734
TBL1XR1,-6.416548244268539
HBG2,-6.421989570811151
TGM2,-6.424794609123403
BPGM,-6.430469710504305
PSME1,-6.431186435034926
GLG1,-6.4312311117092955
SRP68,-6.440194014020637
NDUFB9,-6.442326770053672
PAIP1,-6.443321512261508
GK;GK3P,-6.445266542905515
KRT18,-6.4477849798862685
DMTN,-6.448241836620347
GCLC,-6.449002138065186
AHNAK,-6.450127441761334
ADSS,-6.4535449870356665
HSD17B2,-6.458682583671669
ATP5B,-6.463334175690018
ACAA2,-6.464242592887127
BPNT1,-6.46886257627302
MARC1,-6.472506796672892
BCAT1,-6.476683989308549
PGM1,-6.484026966943043
SUPT6H,-6.48494704177567
ATP6V1A,-6.491402339339201
RPL13,-6.500745870946994
GBE1,-6.511151376944346
CTSA,-6.516114352067803
HK3,-6.51664782176493
HMGCS2,-6.518913559770459
MRPS18B,-6.521034418279124
PITPNA,-6.5230841432495
TSTA3,-6.525460029776113
PSMD3,-6.527990303767042
ST13;ST13P5,-6.53415414445582
PRKRA,-6.54089005398414
RPL35,-6.544315414327756
YWHAG,-6.564612298933615
LDHA,-6.568147046455607
PPM1F,-6.573102496306949
BCAM,-6.578951733880584
MTCH2,-6.586883524671104
RDX;MSN;EZR,-6.59719061480524
HSPA5,-6.597700035032158
MDH1,-6.598657787833479
OGDH;OGDHL,-6.599635744195721
RPL21,-6.601141646167061
TBC1D17,-6.60412603456147
CCDC47,-6.604438572450992
TTLL12,-6.605908473488045
IMMT,-6.608532102613085
PRDX1,-6.6169971605573705
GNPAT,-6.617207501658369
AGPAT2,-6.620862055369004
LRBA,-6.628596145251234
GNAI2,-6.632032351990772
ITIH2,-6.632595992358127
GANAB,-6.633117848366002
TMOD3,-6.637299123299102
FAM213A,-6.640339861854255
STX5,-6.646992864560665
RDX,-6.649747972614046
SEPT11,-6.649936152251097
PC,-6.6575174345867065
NPEPPS;NPEPPSL1,-6.657740201394174
VAT1,-6.6683670549376926
FUBP3,-6.670968937457864
DPH5,-6.673248308733974
MRPL24,-6.680468257798439
USP7,-6.687834957442729
WDR12,-6.690737221761083
RPL23,-6.693201044562593
MRPL37,-6.695576292226924
ATP5H,-6.698771070612244
SNRNP70,-6.704051544674885
PHYKPL,-6.705997719252894
MAT2B,-6.712501398344653
DDB1,-6.713635364378007
TUBB6,-6.713979943282021
DHRS7,-6.714600611044554
AP2A2,-6.715344610818907
TLN1,-6.715811502903186
TSSC1,-6.721996158194199
PFDN4,-6.7314911027797795
HBG1;HBG2,-6.742029555484434
COX6C,-6.74279971374224
SARS,-6.762292156739883
HDHD3,-6.77066250899854
MAOB,-6.772091575807524
OXSM,-6.774143548794765
PUS3,-6.782165350571196
GNB2L1,-6.782907711645871
GSTM3,-6.787393493651449
BTF3,-6.78869385101613
TPM4,-6.807150568965707
EPB41,-6.808136824641338
MRTO4,-6.811482525283235
ATP5F1,-6.811722125329096
PGK1,-6.825228539650604
NMD3,-6.827107836165671
PITPNB,-6.830580886674537
MRPL51,-6.833110767679744
SLC25A1,-6.8336935397355365
KIAA2013,-6.834261916070063
NADK2,-6.834797058086513
GYS1,-6.839514538307436
BCS1L,-6.842135772699267
U2AF1,-6.844705098219861
EPM2A,-6.855381678704827
ACTN1,-6.861897366663042
VCAM1,-6.867535194430407
RPL26L1,-6.870217085464661
OPA1,-6.887162337162127
CAPN2,-6.89238510507202
DYNC1I2,-6.910343992980703
MRPL49,-6.915246589608693
PPIA,-6.928022693923854
IKBKAP,-6.946065351989704
FNTA,-6.949397261501277
TKT,-6.971065180742378
ACOT1,-6.97181758439131
ALDH2,-6.9722540434936855
PRDX2,-6.979273337050254
EPB42,-6.982982527936417
AADAT,-6.983563767108665
SCFD1,-6.983811651800759
EM:AP000351.3;GSTT2B;GSTT2,-6.984122049762231
FKBP8,-6.994567786112357
OPLAH,-6.99933850210971
SLC25A37,-7.018677519901832
EIF2S3;EIF2S3L,-7.023943010501315
TCIRG1,-7.028863485724664
MRPL9,-7.035778023780788
SPTB,-7.036562339245031
AADAC,-7.04263689083981
COX6B1,-7.049158087915484
APPL2,-7.049715300344096
HSPD1,-7.056774332230129
FTH1,-7.065980218296151
RPS16,-7.068748673516289
FAH,-7.074082127975661
FGA,-7.076313319848055
EIF6,-7.086304153067323
TSEN15,-7.0880996126615585
HTATSF1,-7.091412972029304
FCGBP,-7.093697981206056
RAB1B;RAB1C,-7.095592940547018
PSMC6,-7.101504085230793
CTPS2,-7.104944875813023
CTNNB1,-7.113734548892859
AKR1C2;AKR1C1,-7.117098598868993
SCRN3,-7.129362556927546
GALE,-7.133032698870571
ELOVL1,-7.1374210427844105
RPL11,-7.154797910007923
PGD,-7.169909801703193
GNA14;GNA11,-7.2023972606508195
CDC37,-7.204283910131777
GALK2,-7.218087196270396
PMM2,-7.236179414469723
ACTN2;ACTN3;ACTN1;ACTN4,-7.238343360270749
RPL38,-7.24057132974833
MRPL44,-7.252173841867318
KIAA1033,-7.25715783499373
P4HB,-7.2572079540681145
PAFAH1B2,-7.265332716269066
SLC27A2,-7.271515757562837
FH,-7.294278884854916
ALDH4A1,-7.295082815427595
ACADSB,-7.357206030098622
SLC37A4,-7.3579392512732165
ERMP1,-7.3606443695638
LEPRE1,-7.3716318964836844
RPL6,-7.385885140243286
DYNLRB1,-7.400138799231786
UBE2G2,-7.400897882609945
AIFM1,-7.421704214800301
PHGDH,-7.443527947513383
CYP3A7,-7.450569891517218
RPN1,-7.452865304141302
LSS,-7.4595536323688565
IMPDH2,-7.459804208024016
CLTC,-7.484270019946658
COASY,-7.4867030955199985
ROMO1,-7.511662445330001
SEPT9,-7.519257048427888
MCCC2,-7.521068358736466
SPRYD4,-7.524814580396014
PDHA1,-7.532437408616974
VPS45,-7.546099752806864
HNRNPH1,-7.550660289188491
PFAS,-7.56451713678565
ERLIN1,-7.569931972185877
NDUFB3,-7.60256725760302
DDX19A,-7.604538085439451
GOT1,-7.607571383350399
DNAJC3,-7.613354681506643
XRCC5,-7.620697883373477
ELP3,-7.627927608438218
SLC3A2,-7.633327732472169
NDUFS5,-7.6387495896736946
NPC1,-7.6406779338182025
CSNK2A1;CSNK2A3,-7.647117493947345
GNG12,-7.648871583625999
RPS18,-7.653105416160311
PRPF19,-7.656822827746214
TOP2A,-7.660108557524492
QARS,-7.661282045115269
OAT,-7.663968163791848
ACAA1,-7.678657575811823
ENO3,-7.679860252232704
PON2,-7.681451811124392
MTHFD1,-7.682025114185438
GDI1,-7.683486431511255
GCAT,-7.687167848419533
AP3B1,-7.694307803419269
TRIM28,-7.704374595816562
FAM151A,-7.710521502534426
EIF3I,-7.719909521117098
HIST1H2AJ;HIST1H2AH;H2AFJ;HIST1H2AD;HIST1H2AG;H2AFV;HIST1H2AC;HIST3H2A;HIST1H2AB;H2AFZ;H2AFX;HIST1H2AA;HIST2H2AB;HIST2H2AC;HIST2H2AA3,-7.746743259831656
NLN,-7.759273346172173
SNX8,-7.770963754870923
AK1,-7.786467431318163
CLIC1,-7.810844478466528
ATIC,-7.82122163153958
MINPP1,-7.841559102001095
KYNU,-7.842604384355236
GSTM2,-7.842883442639748
TMED9,-7.854602723113875
SERPINA1,-7.864204909119145
G3BP2,-7.865616250295701
GSTA2,-7.896776200426565
PCK2,-7.902859495778408
CCT5,-7.915741870226197
ANXA4,-7.916971219952839
EPHX1,-7.917713559460762
DDI2,-7.919153544621462
THUMPD1,-7.9209009355472055
AMDHD1,-7.937456144974945
SPTA1,-7.951141294508296
C1QA,-7.9560791045433525
RPL24,-7.974992044550408
SLC39A14,-7.98175964382852
HSPA8;HSPA2;HSPA5,-7.981761674817396
ACOX2,-7.986880504608263
ACSL5,-7.9909722502655445
FN1,-8.015038826034406
ATP5O,-8.026209317640504
CPVL,-8.0266733319192891
FAM134C,-8.028842155250148
PFKL,-8.032547863235695
CPNE3,-8.032760673048806
FAM98B,-8.035559024025437
AKAP1,-8.044834459871126
ABCC6,-8.05014831971531
AGMAT,-8.054902388591234
TPM1,-8.059130470226851
THBS1,-8.064400984139544
LTA4H,-8.086741745246965
IDE,-8.112072864557552
C12ORF10,-8.120333369352636
EEF1A1;EEF1A1P5,-8.136054470241454
ATP2B1,-8.138087314469036
RETSAT,-8.15834689955621
PDIA4,-8.161808706294256
UMPS,-8.176568003154808
NRBP1,-8.184954294531822
PRMT5,-8.206212290036097
PIP4K2A,-8.21499993414893
HSPB1,-8.221650246367041
SERPINB1,-8.225091252520636
CCT2,-8.241288434778784
SDHA,-8.251111656424644
TMED4,-8.261950594884016
EPHX2,-8.263186461391829
FASN,-8.288932858099527
CCBL2,-8.30726709124796
LCP1,-8.312410418932705
DNAJB11,-8.313735150916287
PGLS,-8.322088260839339
CPS1,-8.346125403318721
CKB,-8.36080085197904
ADH4,-8.36718608604914
MCM5,-8.371671693892809
C2ORF43;LDAH,-8.371891546619244
LPGAT1,-8.410312623288188
ATL3,-8.42238877511822
NSUN6,-8.43752762953563
CYP51A1,-8.438456100316145
BAAT,-8.45125985431439
STOM,-8.464038480415233
NAE1,-8.466795640001482
ALDH1B1,-8.467552744948145
MRPS23,-8.482940339728902
ATP1A1,-8.517697242777677
CRYL1,-8.523737694471418
RHBDD1,-8.53477238414304
TUFM,-8.53616868942979
MRPS7,-8.542039519533272
PRDX5,-8.557809661736433
UQCRC1,-8.585997768445395
FAM120A,-8.58789335816268
SEC63,-8.589758184984257
SCP2,-8.596582352863775
HSD17B4,-8.611371682933674
UBA1,-8.618550090736074
SLC4A1,-8.622452943310519
TGFB1,-8.623073895500792
IARS2,-8.632430553463013
ADD2,-8.640522525651264
RAB3D,-8.641464492652668
ADH6,-8.648937601270518
AGO1;AGO4;AGO2,-8.649775666609044
WDR11,-8.666565097328052
CTSD,-8.66780721562219
IGF2BP3,-8.702544585169486
ITGA2B,-8.731600542701791
PACSIN2,-8.751640371537416
FLOT2,-8.778362176992548
NDUFA4,-8.808865703600103
LYPLA2,-8.812587428354217
ATP5L,-8.814045375493839
RPL22,-8.820045744982579
SLC25A3,-8.825167173115624
PPP6R2,-8.833706991046542
BLMH,-8.842996399767753
LMAN2,-8.864098253834268
PPP6R3,-8.882622460951337
DUSP12,-8.916846783644667
POR,-8.965523495829915
EIF2S2,-8.96981204143746
SERPINC1,-8.974047794855073
HSPA1B;HSPA1A,-9.022739747214334
NDRG2,-9.037520752741674
PRKCSH,-9.063374257202957
RPL31,-9.115174062991963
CTNNA1,-9.134618250479692
PSAT1,-9.159360751865629
RPS4X,-9.168168074512447
ACLY,-9.168439600275228
GALNT2,-9.190124704822926
ATP2A2,-9.197592689022354
STEAP2,-9.221805651971577
RPS4Y1;RPS4X,-9.247209115419881
PSMD6,-9.247261235300126
CDC42,-9.251472521230538
KPNA6;KPNA1;KPNA5,-9.26530361248892
RAN,-9.350922636684114
ASL,-9.354912004533954
ALDH18A1,-9.386355771298502
HSD17B10,-9.386844797648498
MRPL38,-9.400972755967247
PCNA,-9.410795137624753
SULT1E1,-9.420489751697112
SOD2,-9.453111809851201
MPC2,-9.45909475667378
HBXBP;ASGR2,-9.45909696891625
MRPL39,-9.492545086734895
GNE,-9.496338990559577
ASS1,-9.511596916457833
NDUFA3,-9.53534847344911
PTRF,-9.627623644130415
RPL15,-9.650191809758232
ST13;ST13P4,-9.68310507736072
C14ORF166,-9.687409138265005
PHB,-9.734636524014139
IDH1,-9.749134308989634
TST,-9.813240553963452
ERLIN2,-9.82108763225956
ANO6,-9.828987047077254
ATPAF1,-9.84278626854962
TMPIT;TMEM120A,-9.906520053010848
RAB6A,-9.965359975423647
DDRGK1,-10.01225065460571
MGEA5,-10.051790279967694
MAT1A,-10.080573684056155
FSCN1,-10.113373304468727
EIF2AK1,-10.152713903944447
PGM2,-10.172078326930405
RPS14,-10.22894384045952
MTTP,-10.241593364350619
MRPL13,-10.252201733827578
EIF3L,-10.304913702173254
TROVE2,-10.30591583870516
TIMM17B,-10.310049889602613
DMGDH,-10.310410008427048
HNRNPL,-10.321248222114985
FGG,-10.346094024019985
TMED5,-10.410338016556
ACTN1;ACTN4,-10.437299648198064
RABGGTA,-10.443443380651127
MCM6,-10.607255916331185
QPRT,-10.641584420817303
C2,-10.703772378720334
PSMD4,-10.718369941610856
MTR,-10.771191806817757
IGF2BP2,-10.780118499159373
GAPDH,-10.794978273563924
DYNC1H1,-10.854426510185764
DHX29,-10.876831569689312
DNPEP,-10.93657719910857
VCP,-11.003425210792255
APOB,-11.074206261071105
CYB5R3,-11.098432970999422
PREPL,-11.160384092336036
ILF2,-11.168785656647678
ACSL4,-11.212142810868398
YTHDC2,-11.356481154257557
ATP5C1,-11.477355455618884
HMOX1,-11.522379405343187
TPM4;TPM2;TPM2B,-11.559914159840961
FLNB,-11.677869371944862
IDH2,-11.820158659351968
KRT8,-11.851801749790315
MYH10,-11.863755593075956
KHK,-11.902486999232867
NSDHL,-11.915913786128115
NRAS;HRAS,-11.935503904702536
LRP1,-12.183617543663193
MRPS27,-12.301289503649972
CDK6,-12.361392386960063
SRP19,-12.423264092942924
MBOAT7,-12.740275456410313
PA2G4,-12.754236494167323
HERC4,-12.892502927768964
XPNPEP1,-13.165378702297504
NA,-13.304610252722975
ACACA,-13.318069075598535
CCT4,-13.360637696949642
PKM,-13.372419416866322
ALDOB,-13.597823745422467
CBR1,-13.802230522867125
AGL,-14.20839713309725
GLUD1;GLUD2,-14.2486388810898
DERA,-14.453447770995764
C3,-14.555887307241733
HOGA1,-15.114523547958004
TUBA1B;TUBA4A;TUBA1A;TUBA1C;TUBAL3,-15.28282425243287
HNRNPM,-15.352821605255704
PSMG3,-15.48517772623144
TRMT2A,-15.710771377470145
TPP2,-16.82949775943345
TXNDC5,-16.846672043474292
PSMD1,-16.9497307520844
SELENBP1,-17.273041355821185
DHX9,-17.982252791970303
IQGAP2,-19.349586463936486
PCBP2;PCBP3,-26.962684404699502
NDUFB7,-27.763816228193217
THOP1,-30.8456476189599
DDOST,-32.06258671995748
AFP,-37.42586927946456
